CD_INEP;NM_ESCOLA;UF;Rede;MUN_NM;Total alunos avaliados - entrada;Total alunos avaliados - saída;Total avaliaçőes;Total Projetos aplicados;Profissionais formados (acumulado desde 2021);Downloads avaliaçőes;Downloads projetos;Profissionais inscritos em 2024;Profissionais aprovados em 2024;Matrículas 3+5+7+9 anos;Matrículas Fundamental;Turmas Fundamental;Docentes Fundamental;"Localizaçăo (1-Urbana;2-rural)";"Localizacao diferenciada (1-assentamento;2-terra indig;3-quilombola;8-comun tradic)";Ensino Indígena;Ensino fundamental;Funcionamento;Aderida em 31/dez/2024;Adesao ao longo 2024
26121255;ESCOLA MUNICIPAL PROFESSOR JOSE DA COSTA PORTO;PE;Municipal;Recife;0;0;0;0;0;0;0;0;0;348;735;25;25;1;0;0;1;1;1;1
26133389;ESCOLA MUNICIPAL NADIR COLACO;PE;Municipal;Recife;0;0;0;0;0;0;0;1;0;169;366;13;15;1;0;0;1;1;1;1
26158302;ESCOLA MUNICIPAL PROFESSOR JOAO FRANCISCO DE SOUZA;PE;Municipal;Recife;0;0;0;0;0;0;0;0;0;129;298;12;9;1;0;0;1;1;1;1
26125358;ESCOLA DE REFERENCIA EM ENSINO FUNDAMENTAL E MEDIO MONTE VERDE;PE;Estadual;Recife;0;0;0;0;0;0;0;0;0;192;344;10;14;1;0;0;1;1;1;1
26124840;ESCOLA MUNICIPAL MENINO JESUS;PE;Municipal;Recife;0;0;0;0;0;0;0;0;0;78;154;6;6;1;0;0;1;1;1;1
26125986;ESCOLA ANA MALTA DA COSTA AZEVEDO;PE;Estadual;Recife;0;0;0;0;3;0;0;0;0;197;321;12;14;1;0;0;1;1;1;1
26122880;ESCOLA DE REFERENCIA EM ENSINO FUNDAMENTAL PRESIDENTE ARTHUR DA COSTA E SILVA;PE;Estadual;Recife;0;0;0;0;0;0;0;0;0;217;448;12;16;1;0;0;1;1;1;1
26122260;ESCOLA DE REFERENCIA EM ENSINO FUNDAMENTAL PROFESSOR MOTTA E ALBUQUERQUE;PE;Estadual;Recife;0;0;0;0;0;0;0;0;0;168;366;10;14;1;0;0;1;1;1;1
26153386;ESCOLA MUNICIPAL PROFESSOR ANTONIO DE BRITO ALVES;PE;Municipal;Recife;0;0;0;0;0;0;0;0;0;356;698;21;26;1;0;0;1;1;1;1
26166640;ESCOLA MUNICIPAL DE AGUA FRIA;PE;Municipal;Recife;0;0;0;0;0;0;0;0;0;79;243;14;11;1;0;0;1;1;1;1
26126443;ESCOLA DE REFERENCIA EM ENSINO FUNDAMENTAL E MEDIO NOSSA SENHORA DE FATIMA;PE;Estadual;Recife;0;0;0;0;1;0;0;0;0;56;83;5;11;1;0;0;1;1;1;1
26124572;ESCOLA DE REFERENCIA EM ENSINO FUNDAMENTAL DELMIRO GOUVEIA;PE;Estadual;Recife;0;0;0;0;0;0;0;0;0;101;188;6;7;1;0;0;1;1;1;1
26125293;ESCOLA DE REFERENCIA EM ENSINO FUNDAMENTAL SENADOR ANTONIO FARIAS;PE;Estadual;Recife;0;0;0;0;0;0;0;0;0;138;284;8;10;1;0;0;1;1;1;1
26128950;ESCOLA MUNICIPAL IRMA TEREZINHA BATISTA PROJ NOVO VIVER;PE;Municipal;Recife;0;0;0;0;0;0;0;0;0;153;390;17;12;1;0;0;1;1;1;1
26157845;ESCOLA MUNICIPAL PROFESSOR JOAO BATISTA LIPPO NETO;PE;Municipal;Recife;0;0;0;0;0;0;0;0;0;69;162;7;7;1;0;0;1;1;1;1
26128454;ESCOLA PROFESSOR JOSE DOS ANJOS;PE;Estadual;Recife;0;0;0;0;1;2;0;1;0;414;845;20;21;1;0;0;1;1;1;1
26123584;ESCOLA DE REFERENCIA EM ENSINO FUNDAMENTAL PROFESSORA OLINDINA ALVES SEMENTE;PE;Estadual;Recife;0;0;0;0;1;0;0;0;0;196;387;11;13;1;0;0;1;1;1;1
26127857;ESCOLA FERNANDES VIEIRA;PE;Estadual;Recife;0;0;0;0;0;0;0;0;0;195;347;10;11;1;0;0;1;1;1;1
26124831;ESCOLA PADRE LEBRET;PE;Estadual;Recife;0;0;0;0;0;0;0;0;0;568;1128;28;29;1;0;0;1;1;1;1
26126010;ESCOLA DE REFERENCIA EM ENSINO FUNDAMENTAL E MEDIO CAIO PEREIRA;PE;Estadual;Recife;0;0;0;0;0;0;0;0;0;277;531;13;23;1;0;0;1;1;1;1
26125560;ESCOLA MUNICIPAL PROF JOSE LOURENCO DE LIMA;PE;Municipal;Recife;0;0;0;0;0;0;0;0;0;94;284;13;8;1;0;0;1;1;1;1
26123444;ESCOLA MUNICIPAL CASA DOS FERROVIARIOS;PE;Municipal;Recife;0;0;0;0;0;0;1;0;0;131;341;16;15;1;0;0;1;1;1;1
26120674;ESCOLA MUNICIPAL ENGENHEIRO UMBERTO GONDIM;PE;Municipal;Recife;0;0;0;0;0;0;0;0;0;167;404;22;15;1;0;0;1;1;1;1
26168120;ESCOLA MUNICIPAL DO SANCHO;PE;Municipal;Recife;0;0;0;0;0;0;0;0;0;104;257;14;11;1;0;0;1;1;1;1
26123231;ESCOLA DE REFERENCIA EM ENSINO FUNDAMENTAL MACIEL PINHEIRO;PE;Estadual;Recife;0;0;0;0;1;0;0;0;0;249;500;12;18;1;0;0;1;1;1;1
26122545;ESCOLA DOM CARLOS COELHO - RECIFE;PE;Estadual;Recife;0;0;0;0;1;0;0;0;0;174;326;12;17;1;0;0;1;1;1;1
26122014;ESCOLA MUNICIPAL SEDE DA SABEDORIA;PE;Municipal;Recife;0;0;0;0;1;1;1;1;1;169;411;20;14;1;0;0;1;1;1;1
26134067;ESCOLA MUNICIPAL SEVERINA BERNADETE TEIXEIRA;PE;Municipal;Recife;0;0;0;0;1;0;0;0;0;111;253;12;7;1;0;0;1;1;1;1
26121891;ESCOLA JOSE MARIA;PE;Estadual;Recife;0;0;0;0;0;0;0;0;0;215;406;13;15;1;0;0;1;1;1;1
26126214;ESCOLA DE REFERENCIA EM ENSINO FUNDAMENTAL GOVERNADOR CARLOS DE LIMA CAVALCANTI;PE;Estadual;Recife;0;0;0;0;0;0;0;0;0;190;306;10;13;1;0;0;1;1;1;1
26134350;ESCOLA MUNICIPAL PADRE DONINO;PE;Municipal;Recife;0;0;0;0;0;0;0;0;0;105;255;10;9;1;0;0;1;1;1;1
26128268;ESCOLA MUNICIPAL LUIZ LUA GONZAGA;PE;Municipal;Recife;0;0;0;0;0;0;0;0;0;107;241;12;8;1;0;0;1;1;1;1
26126575;ESCOLA PADRE JOAO BARBOSA;PE;Estadual;Recife;0;0;0;0;0;0;0;0;0;130;263;8;10;1;0;0;1;1;1;1
26124912;ESCOLA ROBERTO SILVEIRA;PE;Estadual;Recife;0;0;0;0;0;0;0;0;0;143;295;10;11;1;0;0;1;1;1;1
26121158;ESCOLA MUNICIPAL VILA SESAMO;PE;Municipal;Recife;0;0;0;0;0;0;0;0;0;312;678;23;28;1;0;0;1;1;1;1
26122553;ESCOLA DE REFERENCIA EM ENSINO FUNDAMENTAL EMBAIXADOR GILBERTO AMADO;PE;Estadual;Recife;0;0;0;0;1;0;0;0;0;282;483;12;15;1;0;0;1;1;1;1
26121077;ESCOLA MUNICIPAL SANTA MARIA;PE;Municipal;Recife;0;0;0;0;0;0;0;0;0;202;504;21;12;1;0;0;1;1;1;1
26177978;ESCOLA MUNICIPAL NOVA MORADA;PE;Municipal;Recife;0;0;0;0;0;0;0;0;0;153;377;24;21;1;0;0;1;1;1;1
26125854;ESCOLA MUNICIPAL ALTO JARDIM PROGRESSO;PE;Municipal;Recife;0;0;0;0;0;1;0;0;0;98;248;12;6;1;0;0;1;1;1;1
26126150;ESCOLA ERUNDINA NEGREIROS DE ARAUJO;PE;Estadual;Recife;0;0;0;0;0;0;0;0;0;105;209;8;11;1;0;0;1;1;1;1
26119196;ESCOLA MUNICIPAL TRES CARNEIROS;PE;Municipal;Recife;0;0;0;0;0;0;0;0;0;75;208;10;9;1;0;0;1;1;1;1
26128179;ESCOLA DOUTOR FRANCISCO PESSOA DE QUEIROZ;PE;Estadual;Recife;0;0;0;0;2;0;0;0;0;134;293;10;13;1;0;0;1;1;1;1
26126311;ESCOLA MATIAS DE ALBUQUERQUE;PE;Estadual;Recife;0;0;0;0;1;0;0;0;0;153;301;10;13;1;0;0;1;1;1;1
26127571;ESCOLA DE REFERENCIA EM ENSINO FUNDAMENTAL E MEDIO BARROS CARVALHO;PE;Estadual;Recife;0;0;0;0;0;0;0;0;0;186;410;11;16;1;0;0;1;1;1;1
26120992;ESCOLA DE REFERENCIA EM ENSINO FUNDAMENTAL E MEDIO LICEU DE ARTES E OFICIOS;PE;Estadual;Recife;0;0;0;0;3;0;0;0;0;247;484;12;18;1;0;0;1;1;1;1
26134010;ESCOLA MUNICIPAL INES SOARES DE LIMA;PE;Municipal;Recife;0;0;0;0;0;0;0;0;0;79;184;10;6;1;0;0;1;1;1;1
26123550;ESCOLA MUNICIPAL DE TEJIPIO;PE;Municipal;Recife;0;0;0;0;0;0;0;0;0;208;441;18;22;1;0;0;1;1;1;1
26123100;ESCOLA MUNICIPAL SANTA EDWIGES;PE;Municipal;Recife;0;0;0;0;0;0;0;0;0;66;140;10;6;1;0;0;1;1;1;1
26126788;ESCOLA MUNICIPAL PROFESSOR MAURO MOTA;PE;Municipal;Recife;0;0;0;0;1;2;5;3;0;130;339;13;8;1;0;0;1;1;1;1
26119331;ESCOLA MUNICIPAL PADRE JOSE DE ANCHIETA;PE;Municipal;Recife;0;0;0;0;0;0;0;0;0;242;675;28;20;1;0;0;1;1;1;1
26139723;ESCOLA MUNICIPAL ALTO SANTA TEREZINHA;PE;Municipal;Recife;0;0;0;0;0;0;0;0;0;207;470;20;14;1;0;0;1;1;1;1
26121638;ESCOLA MONSENHOR FRANCISCO SALLES;PE;Estadual;Recife;0;0;0;0;0;0;0;0;0;333;651;22;25;1;0;0;1;1;1;1
26153491;ESCOLA DE REFERENCIA EM ENSINO FUNDAMENTAL MONSENHOR MANOEL LEONARDO DE BARROS BARRETO;PE;Estadual;Recife;0;0;0;0;0;0;0;0;0;232;425;11;12;1;0;0;1;1;1;1
26121786;ESCOLA MUNICIPAL REITOR JOAO ALFREDO;PE;Municipal;Recife;0;0;0;0;0;0;0;0;0;169;343;14;15;1;0;0;1;1;1;1
26126605;ESCOLA TOME GIBSON;PE;Estadual;Recife;0;0;0;0;1;0;0;0;0;256;549;13;17;1;0;0;1;1;1;1
26126052;ESCOLA DE REFERENCIA EM ENSINO FUNDAMENTAL CORONEL OTHON;PE;Estadual;Recife;0;0;0;0;1;0;0;0;0;286;563;16;20;1;0;0;1;1;1;1
26127512;ESCOLA DE REFERENCIA EM ENSINO FUNDAMENTAL E MEDIO SENADOR NOVAES FILHO;PE;Estadual;Recife;0;0;0;0;0;0;0;0;0;169;350;11;18;1;0;0;1;1;1;1
26126370;ESCOLA MUNICIPAL ALTO DA GUABIRABA;PE;Municipal;Recife;0;0;0;0;0;0;0;0;0;65;153;8;8;1;0;0;1;1;1;1
26134049;ESCOLA MUNICIPAL NOSSA SENHORA DA PENHA;PE;Municipal;Recife;0;0;0;0;0;0;0;0;0;91;207;10;9;1;0;0;1;1;1;1
26119170;ESCOLA MUNICIPAL SENADOR JOSE ERMIRIO DE MORAES;PE;Municipal;Recife;0;0;0;0;0;0;0;0;0;124;302;12;10;1;0;0;1;1;1;1
26128462;ESCOLA DE REFERENCIA EM ENSINO FUNDAMENTAL PROFESSOR PEDRO AUGUSTO CARNEIRO LEAO;PE;Estadual;Recife;0;0;0;0;2;0;0;0;0;295;535;13;19;1;0;0;1;1;1;1
26125072;ESCOLA LANDELINO ROCHA;PE;Estadual;Recife;0;0;0;0;0;0;0;0;0;149;285;8;7;1;0;0;1;1;1;1
26121468;ESCOLA MUNICIPAL PEDRO AUGUSTO;PE;Municipal;Recife;0;0;0;0;0;0;0;0;0;170;320;13;15;1;0;0;1;1;1;1
26117576;EMTI ANTONIO FARIAS FILHO;PE;Municipal;Recife;0;0;0;0;0;0;0;0;0;325;614;22;26;1;0;0;1;1;1;1
26491710;ESCOLA MUNICIPAL BOLA NA REDE;PE;Municipal;Recife;0;0;0;0;0;0;0;0;0;167;457;24;26;1;0;0;1;1;1;1
26139090;ESCOLA MUNICIPAL FLORESTAN FERNANDES;PE;Municipal;Recife;0;0;0;0;0;0;0;0;0;354;644;20;32;1;0;0;1;1;1;1
26123770;ESCOLA HEROIS DA RESTAURACAO;PE;Estadual;Recife;0;0;0;0;0;0;0;0;0;311;630;16;18;1;0;0;1;1;1;1
26125013;ESCOLA DE REFERENCIA EM ENSINO FUNDAMENTAL E ENSINO MEDIO GERCINO DE PONTES;PE;Estadual;Recife;0;0;0;0;0;0;0;0;0;146;304;8;12;1;0;0;1;1;1;1
26128640;ESCOLA MUNICIPAL ANTONIO HERACLIO DO REGO;PE;Municipal;Recife;0;0;0;0;0;0;0;0;0;190;347;12;14;1;0;0;1;1;1;1
26128659;ESCOLA MUNICIPAL ANTONIO LUIZ;PE;Municipal;Recife;0;0;0;0;0;0;0;0;0;57;145;10;9;1;0;0;1;1;1;1
26126192;ESCOLA GABRIELA MISTRAL;PE;Estadual;Recife;0;0;0;0;0;0;0;0;0;229;456;14;20;1;0;0;1;1;1;1
26128594;ESCOLA DE REFERENCIA EM ENSINO FUNDAMENTAL E MEDIO SAO MIGUEL;PE;Estadual;Recife;0;0;0;0;0;0;0;0;0;167;326;11;20;1;0;0;1;1;1;1
26123720;ESCOLA DE REFERENCIA EM ENSINO FUNDAMENTAL E MEDIO BARAO DO BONITO;PE;Estadual;Recife;0;0;0;0;0;0;0;0;0;137;284;8;10;1;0;0;1;1;1;1
26124645;ESCOLA DE REFERENCIA EM ENSINO FUNDAMENTAL E MEDIO JORNALISTA COSTA PORTO;PE;Estadual;Recife;0;0;0;0;0;0;0;0;0;270;454;12;13;1;0;0;1;1;1;1
26127024;ESCOLA MUNICIPAL CELIA ARRAES;PE;Municipal;Recife;0;0;0;0;0;0;0;0;0;109;285;12;10;1;0;0;1;1;1;1
26126206;ESCOLA DE REFERENCIA EM ENSINO FUNDAMENTAL E MEDIO GILBERTO FREYRE;PE;Estadual;Recife;0;0;0;0;0;0;0;0;0;123;232;8;18;1;0;0;1;1;1;1
26124777;ESCOLA DE REFERENCIA EM ENSINO FUNDAMENTAL OTHON BEZERRA DE MELO;PE;Estadual;Recife;0;0;0;0;0;0;0;0;0;165;293;9;11;1;0;0;1;1;1;1
26155869;ESCOLA MUNICIPAL ENGENHEIRO HENOCH COUTINHO DE MELO;PE;Municipal;Recife;0;0;0;0;0;0;0;0;0;136;315;15;12;1;0;0;1;1;1;1
26125650;ESCOLA DE REFERENCIA EM ENSINO FUNDAMENTAL E MEDIO LIONS DE PARNAMIRIM;PE;Estadual;Recife;0;0;0;0;4;0;0;1;0;132;280;9;12;1;0;0;1;1;1;1
26121980;ESCOLA MUNICIPAL GENERAL EMIDIO DANTAS BARRETO;PE;Municipal;Recife;0;0;0;0;0;0;0;0;0;67;164;10;10;1;0;0;1;1;1;1
26120569;ESCOLA MUNICIPAL PROFESSORA MARIA DA PAZ BRANDAO ALVES;PE;Municipal;Recife;0;0;0;0;0;0;0;0;0;158;405;21;15;1;0;0;1;1;1;1
26124475;ESCOLA DE REFERENCIA EM ENSINO FUNDAMENTAL E MEDIO BRIGADEIRO EDUARDO GOMES;PE;Estadual;Recife;0;0;0;0;0;0;0;0;0;491;848;21;31;1;0;0;1;1;1;1
26124513;ESCOLA MUNICIPAL CICERO FRANKLIN CORDEIRO;PE;Municipal;Recife;0;0;0;0;0;0;0;0;0;256;551;21;23;1;0;0;1;1;1;1
26128322;ESCOLA MUNICIPAL NOVO HORIZONTE;PE;Municipal;Recife;0;0;0;0;0;0;0;0;0;101;244;15;10;1;0;0;1;1;1;1
26123495;ESCOLA MUNICIPAL DOUTOR ANTONIO CORREIA;PE;Municipal;Recife;0;0;0;0;0;0;0;0;0;88;234;12;11;1;0;0;1;1;1;1
26119129;ESCOLA MUNICIPAL DE DOIS RIOS;PE;Municipal;Recife;0;0;0;0;0;0;0;0;0;97;222;10;8;1;0;0;1;1;1;1
26120100;ESCOLA DE REFERENCIA EM ENSINO FUNDAMENTAL E ENSINO MEDIO PROFESSORA INALDA SPINELLI;PE;Estadual;Recife;0;0;0;0;0;0;0;0;0;167;325;9;11;1;0;0;1;1;1;1
26119730;ESCOLA DE APLICACAO DO RECIFE;PE;Estadual;Recife;0;0;0;0;0;0;0;0;0;74;142;4;13;1;0;0;1;1;1;1
26127636;ESCOLA DE REFERENCIA EM ENSINO FUNDAMENTAL E MEDIO EDUCADOR PAULO FREIRE;PE;Estadual;Recife;0;0;0;0;0;0;0;0;0;217;419;12;14;1;0;0;1;1;1;1
26128390;ESCOLA MUNICIPAL PAULO VI;PE;Municipal;Recife;0;0;0;0;0;0;0;0;0;148;309;13;15;1;0;0;1;1;1;1
26126427;ESCOLA MUNICIPAL PASTOR PAULO LEIVAS MACALAO;PE;Municipal;Recife;0;0;0;0;0;0;0;0;0;112;305;14;9;1;0;0;1;1;1;1
26134379;ESCOLA MUNICIPAL SANTO AMARO;PE;Municipal;Recife;0;0;0;0;0;0;0;0;0;174;379;18;13;1;0;0;1;1;1;1
26147300;ESCOLA MUNICIPAL NOSSA SENHORA DO PILAR;PE;Municipal;Recife;0;0;0;0;0;0;0;0;0;69;184;11;13;1;0;0;1;1;1;1
26126087;ESCOLA MUNICIPAL OCTAVIO DE MEIRA LINS;PE;Municipal;Recife;0;0;0;0;0;0;0;0;0;230;531;24;24;1;0;0;1;1;1;1
26126524;ESCOLA MUNICIPAL PROFESSOR NILO PEREIRA;PE;Municipal;Recife;0;0;0;0;0;0;0;0;0;162;335;12;14;1;0;0;1;1;1;1
26127695;ESCOLA DE REFERENCIA EM ENSINO FUNDAMENTAL E MEDIO JOAQUIM XAVIER DE BRITO;PE;Estadual;Recife;0;0;0;0;0;0;0;0;0;241;449;13;21;1;0;0;1;1;1;1
26123630;ESCOLA MUNICIPAL MARECHAL RONDON;PE;Municipal;Recife;0;0;0;0;0;0;0;1;0;217;439;14;20;1;0;0;1;1;1;1
26153599;ESCOLA MUNICIPAL PROFESSOR RICARDO GAMA;PE;Municipal;Recife;0;0;0;0;1;0;0;0;0;199;480;20;13;1;0;0;1;1;1;1
26122855;ESCOLA DE REFERENCIA EM ENSINO FUNDAMENTAL E MEDIO DEBORA FEIJO;PE;Estadual;Recife;0;0;0;0;0;0;0;0;0;139;286;8;10;1;0;0;1;1;1;1
26128527;ESCOLA ROTARY DO ALTO DO PASCOAL;PE;Estadual;Recife;0;0;0;0;0;0;0;0;0;170;342;11;19;1;0;0;1;1;1;1
26123487;ESCOLA MUNICIPAL DOM BOSCO;PE;Municipal;Recife;0;0;0;0;0;0;0;0;0;207;432;14;16;1;0;0;1;1;1;1
26175398;ESCOLA MUNICIPAL MERCIA DE ALBUQUERQUE FERREIRA;PE;Municipal;Recife;0;0;0;0;0;0;0;0;0;94;199;9;6;1;0;0;1;1;1;1
26128934;ESCOLA MUNICIPAL OLINDINA MONTEIRO DE OLIVEIRA FRANCA;PE;Municipal;Recife;0;0;0;0;0;0;0;0;0;218;496;20;24;1;0;0;1;1;1;1
26127539;ESCOLA PROFESSORA FONTAINHA DE ABREU;PE;Estadual;Recife;0;0;0;0;0;0;0;0;0;222;502;13;13;1;0;0;1;1;1;1
26124599;ESCOLA ENEIDA RABELLO;PE;Estadual;Recife;0;0;0;0;0;0;0;0;0;409;881;24;23;1;0;0;1;1;1;1
26128560;ESCOLA SAO FRANCISCO DE ASSIS - RN;PE;Estadual;Recife;0;0;0;0;2;0;0;0;0;236;547;14;17;1;0;0;1;1;1;1
26158400;ESCOLA MUNICIPAL NOVO MANGUE;PE;Municipal;Recife;0;0;0;0;0;0;0;0;0;120;361;16;11;1;0;0;1;1;1;1
26122227;ESCOLA DE REFERENCIA EM ENSINO FUNDAMENTAL E ENSINO MEDIO GOVERNADOR BARBOSA LIMA;PE;Estadual;Recife;0;0;0;0;0;0;0;0;0;240;403;11;16;1;0;0;1;1;1;1
26157888;ESCOLA MUNICIPAL PASTOR JOSE MUNGUBA SOBRINHO;PE;Municipal;Recife;0;0;0;0;0;0;0;0;0;92;232;10;9;1;0;0;1;1;1;1
26121867;ESCOLA DE REFERENCIA EM ENSINO FUNDAMENTAL CONEGO ROCHAEL DE MEDEIROS;PE;Estadual;Recife;0;0;0;0;0;0;0;1;0;277;527;15;19;1;0;0;1;1;1;1
26128586;ESCOLA SAO JUDAS TADEU;PE;Estadual;Recife;0;0;0;0;1;0;0;0;0;201;426;10;13;1;0;0;1;1;1;1
26124092;ESCOLA MUNICIPAL ABILIO GOMES;PE;Municipal;Recife;0;0;0;0;1;0;0;0;0;119;269;14;10;1;0;0;1;1;1;1
26120810;ESCOLA MUNICIPAL HUGO GERDAU;PE;Municipal;Recife;0;0;0;0;0;0;0;0;0;169;371;12;19;1;0;0;1;1;1;1
26126230;ESCOLA IRMA MAGNA;PE;Estadual;Recife;0;0;0;0;1;0;0;0;0;282;525;16;18;1;0;0;1;1;1;1
26126419;ESCOLA MUNICIPAL PRESBITERO JOSE BEZERRA;PE;Municipal;Recife;0;0;0;0;0;0;0;0;0;115;288;13;11;1;0;0;1;1;1;1
26127423;ESCOLA DE REFERENCIA EM ENSINO FUNDAMENTAL PINTOR LAURO VILLARES;PE;Estadual;Recife;0;0;0;0;0;0;0;0;0;216;443;12;17;1;0;0;1;1;1;1
26123541;ESCOLA MUNICIPAL ANDRE DE MELO;PE;Municipal;Recife;0;0;0;0;1;0;0;0;0;215;470;17;22;1;0;0;1;1;1;1
26123525;ESCOLA DE REFERENCIA EM ENSINO FUNDAMENTAL MARCELINO CHAMPAGNAT;PE;Estadual;Recife;0;0;0;0;0;0;0;0;0;261;524;14;17;1;0;0;1;1;1;1
26126141;ESCOLA DE REFERENCIA EM ENSINO FUNDAMENTAL E MEDIO DONA MARIA TERESA CORREA;PE;Estadual;Recife;0;0;0;0;0;0;0;0;0;154;332;9;14;1;0;0;1;1;1;1
26125080;ESCOLA DE REFERENCIA EM ENSINO FUNDAMENTAL LUIS DE CAMOES;PE;Estadual;Recife;0;0;0;0;0;0;0;0;0;346;660;17;21;1;0;0;1;1;1;1
26120682;ESCOLA MUNICIPAL BALBINA MENELAU;PE;Municipal;Recife;0;0;0;0;0;0;0;0;0;102;264;12;8;1;0;0;1;1;1;1
26123509;ESCOLA EDWIGES DE SA PEREIRA;PE;Estadual;Recife;0;0;0;0;0;0;0;0;0;164;326;11;11;1;0;0;1;1;1;1
26127792;ESCOLA MUNICIPAL SAO DOMINGOS;PE;Municipal;Recife;0;0;0;0;0;0;0;0;0;113;314;16;15;1;0;0;1;1;1;1
26128160;ESCOLA DOUTOR FABIO CORREA;PE;Estadual;Recife;0;0;0;0;0;1;0;0;0;318;630;18;22;1;0;0;1;1;1;1
26122987;ESCOLA CARMELA DUTRA;PE;Estadual;Recife;0;0;0;0;1;0;0;1;1;223;446;12;13;1;0;0;1;1;1;1
26120763;ESCOLA MUNICIPAL MAGALHAES BASTOS;PE;Municipal;Recife;0;0;0;0;0;0;0;0;0;217;544;26;19;1;0;0;1;1;1;1
26123533;ESCOLA MONSENHOR ALVARO NEGROMONTE;PE;Estadual;Recife;0;0;0;0;0;0;0;0;0;513;983;26;24;1;0;0;1;1;1;1
26124874;ESCOLA MISSIONARIO SAO BENTO;PE;Estadual;Recife;0;0;0;0;0;0;0;1;0;219;465;14;12;1;0;0;1;1;1;1
26123380;ESCOLA MUNICIPAL ALTO DA BELA VISTA;PE;Municipal;Recife;0;0;0;0;0;0;0;0;0;81;183;10;7;1;0;0;1;1;1;1
26125943;ESCOLA DE REFERENCIA EM ENSINO FUNDAMENTAL E MEDIO MONSENHOR MANOEL MARQUES;PE;Estadual;Recife;0;0;0;0;2;0;0;0;0;194;382;12;22;1;0;0;1;1;1;1
26136300;ESCOLA MUNICIPAL ALTO DO MARACANA;PE;Municipal;Recife;0;0;0;0;0;0;0;0;0;126;348;14;10;1;0;0;1;1;1;1
26125480;ESCOLA MUNICIPAL JARDIM MAURICEIA;PE;Municipal;Recife;0;0;0;0;0;0;0;0;0;82;206;14;13;1;0;0;1;1;1;1
26126559;ESCOLA COMANDANTE LUIZ GOMES;PE;Estadual;Recife;0;0;0;0;0;0;0;0;0;319;698;20;21;1;0;0;1;1;1;1
26155850;ESCOLA MUNICIPAL DINA DE OLIVEIRA;PE;Municipal;Recife;0;0;0;0;0;0;0;0;0;338;688;30;23;1;0;0;1;1;1;1
26124807;ESCOLA PROFESSOR JOSE VICENTE BARBOSA;PE;Estadual;Recife;0;0;0;0;0;0;0;0;0;374;734;20;23;1;0;0;1;1;1;1
26134057;ESCOLA MUNICIPAL MANOEL ROLIM;PE;Municipal;Recife;0;0;0;0;0;0;0;0;0;52;125;10;8;1;0;0;1;1;1;1
26128926;ESCOLA MUNICIPAL ANITA PAES BARRETO;PE;Municipal;Recife;0;0;0;0;0;0;0;0;0;40;94;5;4;1;0;0;1;1;1;1
26166658;ESCOLA MUNICIPAL DE CASA AMARELA;PE;Municipal;Recife;0;0;0;0;0;0;0;0;0;99;243;12;10;1;0;0;1;1;1;1
26124939;ESCOLA SARGENTO CAMARGO;PE;Estadual;Recife;0;0;0;0;0;0;0;0;0;169;348;10;9;1;0;0;1;1;1;1
26122952;ESCOLA DE REFERENCIA EM ENSINO FUNDAMENTAL SENADOR NILO DE SOUZA COELHO;PE;Estadual;Recife;0;0;0;0;0;0;0;0;0;243;493;14;16;1;0;0;1;1;1;1
26212200;ESCOLA MUNICIPAL COMPOSITOR CAPIBA;PE;Municipal;Recife;0;0;0;0;0;0;0;0;0;43;145;8;6;1;0;0;1;1;1;1
26127865;ESCOLA DE REFERENCIA EM ENSINO FUNDAMENTAL PROFESSOR CANDIDO DUARTE;PE;Estadual;Recife;0;0;0;0;0;0;0;0;0;117;228;6;10;1;0;0;1;1;1;1
26124670;ESCOLA DE REFERENCIA EM ENSINO FUNDAMENTAL E MEDIO MARECHAL EURICO GASPAR DUTRA;PE;Estadual;Recife;0;0;0;0;18;1;0;0;0;261;527;14;20;1;0;0;1;1;1;1
26124904;ESCOLA DE REFERENCIA EM ENSINO FUNDAMENTAL VILA DOS MILAGRES;PE;Estadual;Recife;0;0;0;0;0;0;0;0;0;125;271;9;9;1;0;0;1;1;1;1
26123240;ESCOLA DE REFERENCIA EM ENSINO FUNDAMENTAL MARIA GORETTI;PE;Estadual;Recife;0;0;0;0;0;0;0;0;0;175;346;11;11;1;0;0;1;1;1;1
26121620;ESCOLA DE REFERENCIA EM ENSINO FUNDAMENTAL JOAO BARBALHO;PE;Estadual;Recife;0;0;0;0;0;0;0;0;0;280;466;14;19;1;0;0;1;1;1;1
26119641;ESCOLA MUNICIPAL DOUTOR RODOLFO AURELIANO;PE;Municipal;Recife;0;0;0;0;0;0;0;0;0;243;450;18;25;1;0;0;1;1;1;1
26123150;ESCOLA DE REFERENCIA EM ENSINO FUNDAMENTAL CREUSA BARRETO DORNELAS;PE;Estadual;Recife;0;0;0;0;1;0;0;0;0;191;367;11;14;1;0;0;1;1;1;1
26118734;ESCOLA MUNICIPAL MONTEIRO LOBATO;PE;Municipal;Recife;0;0;0;0;0;0;0;0;0;104;282;12;12;1;0;0;1;1;1;1
26124920;ESCOLA DE REFERENCIA EM ENSINO FUNDAMENTAL E MEDIO SAO FRANCISCO DE ASSIS;PE;Estadual;Recife;0;0;0;0;0;0;0;0;0;180;385;11;19;1;0;0;1;1;1;1
26128233;ESCOLA MUNICIPAL DA MANGABEIRA;PE;Municipal;Recife;0;0;0;0;0;0;0;0;0;173;465;16;14;1;0;0;1;1;1;1
26126770;ESCOLA MUNICIPAL JOSEFINA MARINHO;PE;Municipal;Recife;0;0;0;0;0;0;0;0;0;44;117;6;4;1;0;0;1;1;1;1
26125994;ESCOLA MUNICIPAL ARQUITETO ALEXANDRE MUNIZ DE OLIVEIRA;PE;Municipal;Recife;0;0;0;0;0;0;0;0;0;129;285;11;13;1;0;0;1;1;1;1
