TS_SECRETARIO_MUNICIPAL;;;;;;;;;
;;;;;;;;;
VARIÁVEL;TIPO;TAMANHO;DESCRIÇÃO;CÓDIGO DE PREENCHIMENTO;;;;;
ID_SAEB;NUM;4;Ano de aplicação do Saeb;2023;;;;;
ID_REGIAO;NUM;1;Código da Região;1 - Norte;;;;;
;;;;2 - Nordeste;;;;;
;;;;3 - Sudeste;;;;;
;;;;4 - Sul;;;;;
;;;;5 - Centro-Oeste;;;;;
ID_UF;NUM;2;Código da Unidade da Federação;11-RO;;;;;
;;;;12-AC;;;;;
;;;;13-AM;;;;;
;;;;14-RR;;;;;
;;;;15-PA;;;;;
;;;;16-AP;;;;;
;;;;17-TO;;;;;
;;;;21-MA;;;;;
;;;;22-PI;;;;;
;;;;23-CE;;;;;
;;;;24-RN;;;;;
;;;;25-PB;;;;;
;;;;26-PE;;;;;
;;;;27-AL;;;;;
;;;;28-SE;;;;;
;;;;29-BA;;;;;
;;;;31-MG;;;;;
;;;;32-ES;;;;;
;;;;33-RJ;;;;;
;;;;35-SP;;;;;
;;;;41-PR;;;;;
;;;;42-SC;;;;;
;;;;43-RS;;;;;
;;;;50-MS;;;;;
;;;;51-MT;;;;;
;;;;52-GO;;;;;
;;;;53-DF;;;;;
CO_MUNICIPIO;NUM;7;Código do Município;;;;;;
ID_AREA;NUM;1;Área;1 - Capital;;;;;
;;;;2 - Interior;;;;;
IN_PREENCHIMENTO;NUM;1;Indicador de preenchimento válido do questionário;0 - Não preenchido;;;;;
;;;;1 - Preenchido parcial ou totalmente;;;;;
VARIÁVEL;TIPO;;GRUPO;DESCRICAO DO TEXTO DA PERGUNTA;REGRA;CODIGO DA OPCAO DE RESPOSTA;RESPOSTA;;
TX_Q001;CHAR;1;INFORMAÇÕES PESSOAIS E EXPERIÊNCIA PROFISSIONAL;Qual é o seu sexo?;;A;Masculino.;;
;CHAR;;INFORMAÇÕES PESSOAIS E EXPERIÊNCIA PROFISSIONAL;Qual é o seu sexo?;;B;Feminino.;;
;CHAR;;INFORMAÇÕES PESSOAIS E EXPERIÊNCIA PROFISSIONAL;Qual é o seu sexo?;;C;Não quero declarar.;;
TX_Q002;NUM;2;INFORMAÇÕES PESSOAIS E EXPERIÊNCIA PROFISSIONAL;Qual é a sua idade?;;Slidebar;18-70;;
TX_Q003;CHAR;1;INFORMAÇÕES PESSOAIS E EXPERIÊNCIA PROFISSIONAL;Qual é a sua cor ou raça?;;A;Branca.;;
;CHAR;;INFORMAÇÕES PESSOAIS E EXPERIÊNCIA PROFISSIONAL;Qual é a sua cor ou raça?;;B;Preta.;;
;CHAR;;INFORMAÇÕES PESSOAIS E EXPERIÊNCIA PROFISSIONAL;Qual é a sua cor ou raça?;;C;Parda.;;
;CHAR;;INFORMAÇÕES PESSOAIS E EXPERIÊNCIA PROFISSIONAL;Qual é a sua cor ou raça?;;D;Amarela.;;
;CHAR;;INFORMAÇÕES PESSOAIS E EXPERIÊNCIA PROFISSIONAL;Qual é a sua cor ou raça?;;E; Indígena.;;
;CHAR;;INFORMAÇÕES PESSOAIS E EXPERIÊNCIA PROFISSIONAL;Qual é a sua cor ou raça?;;F;Não quero declarar.;;
TX_Q004;CHAR;1;INFORMAÇÕES PESSOAIS E EXPERIÊNCIA PROFISSIONAL;Você possui deficiência, transtorno do espectro autista ou superdotação?;;A;Não;;
;CHAR;;INFORMAÇÕES PESSOAIS E EXPERIÊNCIA PROFISSIONAL;Você possui deficiência, transtorno do espectro autista ou superdotação?;;B;Sim;;
TX_Q005;CHAR;1;INFORMAÇÕES PESSOAIS E EXPERIÊNCIA PROFISSIONAL;Indique qual é a sua condição:  Deficiência.;"Regra de dependência: se Q004=""B"", então abre o bloco (Q005 a Q007).";A;Não;;
;CHAR;;INFORMAÇÕES PESSOAIS E EXPERIÊNCIA PROFISSIONAL;Indique qual é a sua condição:  Deficiência.;"Regra de dependência: se Q004=""B"", então abre o bloco (Q005 a Q007).";B;Sim;;
TX_Q006;CHAR;1;INFORMAÇÕES PESSOAIS E EXPERIÊNCIA PROFISSIONAL;Indique qual é a sua condição: Transtorno do espectro autista.;"Regra de dependência: se Q004=""B"", então abre o bloco (Q005 a Q007).";A;Não;;
;CHAR;;INFORMAÇÕES PESSOAIS E EXPERIÊNCIA PROFISSIONAL;Indique qual é a sua condição: Transtorno do espectro autista.;"Regra de dependência: se Q004=""B"", então abre o bloco (Q005 a Q007).";B;Sim;;
TX_Q007;CHAR;1;INFORMAÇÕES PESSOAIS E EXPERIÊNCIA PROFISSIONAL;Indique qual é a sua condição: Altas habilidades/superdotação.;"Regra de dependência: se Q004=""B"", então abre o bloco (Q005 a Q007).";A;Não;;
;CHAR;;INFORMAÇÕES PESSOAIS E EXPERIÊNCIA PROFISSIONAL;Indique qual é a sua condição: Altas habilidades/superdotação.;"Regra de dependência: se Q004=""B"", então abre o bloco (Q005 a Q007).";B;Sim;;
TX_Q008;CHAR;1;INFORMAÇÕES PESSOAIS E EXPERIÊNCIA PROFISSIONAL;Qual é o MAIS ALTO nível de escolaridade que você concluiu?;;A;Ensino Fundamental.;;
;CHAR;;INFORMAÇÕES PESSOAIS E EXPERIÊNCIA PROFISSIONAL;Qual é o MAIS ALTO nível de escolaridade que você concluiu?;;B;Ensino Médio.;;
;CHAR;;INFORMAÇÕES PESSOAIS E EXPERIÊNCIA PROFISSIONAL;Qual é o MAIS ALTO nível de escolaridade que você concluiu?;;C;Graduação.;;
;CHAR;;INFORMAÇÕES PESSOAIS E EXPERIÊNCIA PROFISSIONAL;Qual é o MAIS ALTO nível de escolaridade que você concluiu?;;D;Especialização.;;
;CHAR;;INFORMAÇÕES PESSOAIS E EXPERIÊNCIA PROFISSIONAL;Qual é o MAIS ALTO nível de escolaridade que você concluiu?;;E;Mestrado.;;
;CHAR;;INFORMAÇÕES PESSOAIS E EXPERIÊNCIA PROFISSIONAL;Qual é o MAIS ALTO nível de escolaridade que você concluiu?;;F;Doutorado.;;
TX_Q009;CHAR;1;INFORMAÇÕES PESSOAIS E EXPERIÊNCIA PROFISSIONAL;Este mais alto nível de escolaridade é relacionado ao campo educacional?;Regra de dependência: se possui graduação ou escolaridade superior (Q008='C' e/ou Q008='D' e/ou Q008='E' e/ou Q008='F', abre o item Q009.;A;Não;;
;CHAR;;INFORMAÇÕES PESSOAIS E EXPERIÊNCIA PROFISSIONAL;Este mais alto nível de escolaridade é relacionado ao campo educacional?;Regra de dependência: se possui graduação ou escolaridade superior (Q008='C' e/ou Q008='D' e/ou Q008='E' e/ou Q008='F', abre o item Q009.;B;Sim;;
TX_Q010;CHAR;1;INFORMAÇÕES PESSOAIS E EXPERIÊNCIA PROFISSIONAL;Além de Secretário (a) Municipal de Educação neste município, você exerceu alguma outra função na área de educação?;;A;Não;;
;CHAR;;INFORMAÇÕES PESSOAIS E EXPERIÊNCIA PROFISSIONAL;Além de Secretário (a) Municipal de Educação neste município, você exerceu alguma outra função na área de educação?;;B;Sim;;
TX_Q011;CHAR;1;INFORMAÇÕES PESSOAIS E EXPERIÊNCIA PROFISSIONAL;Indique as funções que exerceu: Professor(a) da Educação Básica.;Regra de dependência: se Q010='Sim', abre o bloco de itens Q011 a Q018.;A;Não;;
;CHAR;;INFORMAÇÕES PESSOAIS E EXPERIÊNCIA PROFISSIONAL;Indique as funções que exerceu: Professor(a) da Educação Básica.;Regra de dependência: se Q010='Sim', abre o bloco de itens Q011 a Q018.;B;Sim;;
TX_Q012;CHAR;1;INFORMAÇÕES PESSOAIS E EXPERIÊNCIA PROFISSIONAL;Indique as funções que exerceu: Professor(a) da Educação Superior.;Regra de dependência: se Q010='Sim', abre o bloco de itens Q011 a Q018.;A;Não;;
;CHAR;;INFORMAÇÕES PESSOAIS E EXPERIÊNCIA PROFISSIONAL;Indique as funções que exerceu: Professor(a) da Educação Superior.;Regra de dependência: se Q010='Sim', abre o bloco de itens Q011 a Q018.;B;Sim;;
TX_Q013;CHAR;1;INFORMAÇÕES PESSOAIS E EXPERIÊNCIA PROFISSIONAL;Indique as funções que exerceu: Diretor(a) ou vice-diretor(a) de escola de Educação Básica.;Regra de dependência: se Q010='Sim', abre o bloco de itens Q011 a Q018.;A;Não;;
;CHAR;;INFORMAÇÕES PESSOAIS E EXPERIÊNCIA PROFISSIONAL;Indique as funções que exerceu: Diretor(a) ou vice-diretor(a) de escola de Educação Básica.;Regra de dependência: se Q010='Sim', abre o bloco de itens Q011 a Q018.;B;Sim;;
TX_Q014;CHAR;1;INFORMAÇÕES PESSOAIS E EXPERIÊNCIA PROFISSIONAL;Indique as funções que exerceu: Membro de equipe pedagógica de escola de Educação Básica.;Regra de dependência: se Q010='Sim', abre o bloco de itens Q011 a Q018.;A;Não;;
;CHAR;;INFORMAÇÕES PESSOAIS E EXPERIÊNCIA PROFISSIONAL;Indique as funções que exerceu: Membro de equipe pedagógica de escola de Educação Básica.;Regra de dependência: se Q010='Sim', abre o bloco de itens Q011 a Q018.;B;Sim;;
TX_Q015;CHAR;1;INFORMAÇÕES PESSOAIS E EXPERIÊNCIA PROFISSIONAL;Indique as funções que exerceu: Membro de equipe da Secretaria de Educação ou Órgão Gestor de Educação municipal ou estadual (direção, pedagógico, administrativo etc.).;Regra de dependência: se Q010='Sim', abre o bloco de itens Q011 a Q018.;A;Não;;
;CHAR;;INFORMAÇÕES PESSOAIS E EXPERIÊNCIA PROFISSIONAL;Indique as funções que exerceu: Membro de equipe da Secretaria de Educação ou Órgão Gestor de Educação municipal ou estadual (direção, pedagógico, administrativo etc.).;Regra de dependência: se Q010='Sim', abre o bloco de itens Q011 a Q018.;B;Sim;;
TX_Q016;CHAR;1;INFORMAÇÕES PESSOAIS E EXPERIÊNCIA PROFISSIONAL;Indique as funções que exerceu: Membro de equipe de Instituição de Educação Superior (direção, pedagógico, administrativo etc.).;Regra de dependência: se Q010='Sim', abre o bloco de itens Q011 a Q018.;A;Não;;
;CHAR;;INFORMAÇÕES PESSOAIS E EXPERIÊNCIA PROFISSIONAL;Indique as funções que exerceu: Membro de equipe de Instituição de Educação Superior (direção, pedagógico, administrativo etc.).;Regra de dependência: se Q010='Sim', abre o bloco de itens Q011 a Q018.;B;Sim;;
TX_Q017;CHAR;1;INFORMAÇÕES PESSOAIS E EXPERIÊNCIA PROFISSIONAL;Indique as funções que exerceu: Secretário (a) Municipal de Educação em outra rede.;Regra de dependência: se Q010='Sim', abre o bloco de itens Q011 a Q018.;A;Não;;
;CHAR;;INFORMAÇÕES PESSOAIS E EXPERIÊNCIA PROFISSIONAL;Indique as funções que exerceu: Secretário (a) Municipal de Educação em outra rede.;Regra de dependência: se Q010='Sim', abre o bloco de itens Q011 a Q018.;B;Sim;;
TX_Q018;NUM;2;INFORMAÇÕES PESSOAIS E EXPERIÊNCIA PROFISSIONAL;Qual o seu tempo total de experiência, em ano, na área de educação?;Regra de dependência: se Q010='Sim', abre o bloco de itens Q011 a Q018.;Slidebar;0-40;;
TX_Q019;NUM;2;INFORMAÇÕES PESSOAIS E EXPERIÊNCIA PROFISSIONAL;Qual o seu tempo de experiência, em ano, como Secretário (a) Municipal de Educação neste ou em outro município?;;Slidebar;0-40;;
TX_Q020;CHAR;1;INFORMAÇÕES PESSOAIS E EXPERIÊNCIA PROFISSIONAL;Você ocupa o cargo de Secretário (a) Municipal de Educação desde o início da gestão do atual prefeito?;;A;Não;;
;CHAR;;INFORMAÇÕES PESSOAIS E EXPERIÊNCIA PROFISSIONAL;Você ocupa o cargo de Secretário (a) Municipal de Educação desde o início da gestão do atual prefeito?;;B;Sim;;
TX_Q021;CHAR;1;INFORMAÇÕES PESSOAIS E EXPERIÊNCIA PROFISSIONAL;Além de atividades como Secretário (a) Municipal de Educação, você exerce OUTRA atividade profissional?;;A;Não;;
;CHAR;;INFORMAÇÕES PESSOAIS E EXPERIÊNCIA PROFISSIONAL;Além de atividades como Secretário (a) Municipal de Educação, você exerce OUTRA atividade profissional?;;B;Sim;;
TX_Q022;CHAR;1;PERCEPÇÕES DO(A) SECRETÁRIO(A) MUNICIPAL DE EDUCAÇÃO;Repetir de ano é bom para o(a) estudante que não apresentou desempenho satisfatório.;Indique o quanto vocë discorda, ou concorda, em relação aos seguintes temas:;A;Discordo fortemente;;
;CHAR;;PERCEPÇÕES DO(A) SECRETÁRIO(A) MUNICIPAL DE EDUCAÇÃO;Repetir de ano é bom para o(a) estudante que não apresentou desempenho satisfatório.;Indique o quanto vocë discorda, ou concorda, em relação aos seguintes temas:;B;Discordo;;
;CHAR;;PERCEPÇÕES DO(A) SECRETÁRIO(A) MUNICIPAL DE EDUCAÇÃO;Repetir de ano é bom para o(a) estudante que não apresentou desempenho satisfatório.;Indique o quanto vocë discorda, ou concorda, em relação aos seguintes temas:;C;Concordo;;
;CHAR;;PERCEPÇÕES DO(A) SECRETÁRIO(A) MUNICIPAL DE EDUCAÇÃO;Repetir de ano é bom para o(a) estudante que não apresentou desempenho satisfatório.;Indique o quanto vocë discorda, ou concorda, em relação aos seguintes temas:;D;Concordo fortemente;;
TX_Q023;CHAR;1;PERCEPÇÕES DO(A) SECRETÁRIO(A) MUNICIPAL DE EDUCAÇÃO;As avaliações externas (municipais, estaduais ou federais) têm direcionado o que deve ser ensinado na rede municipal.;Indique o quanto vocë discorda, ou concorda, em relação aos seguintes temas:;A;Discordo fortemente;;
;CHAR;;PERCEPÇÕES DO(A) SECRETÁRIO(A) MUNICIPAL DE EDUCAÇÃO;As avaliações externas (municipais, estaduais ou federais) têm direcionado o que deve ser ensinado na rede municipal.;Indique o quanto vocë discorda, ou concorda, em relação aos seguintes temas:;B;Discordo;;
;CHAR;;PERCEPÇÕES DO(A) SECRETÁRIO(A) MUNICIPAL DE EDUCAÇÃO;As avaliações externas (municipais, estaduais ou federais) têm direcionado o que deve ser ensinado na rede municipal.;Indique o quanto vocë discorda, ou concorda, em relação aos seguintes temas:;C;Concordo;;
;CHAR;;PERCEPÇÕES DO(A) SECRETÁRIO(A) MUNICIPAL DE EDUCAÇÃO;As avaliações externas (municipais, estaduais ou federais) têm direcionado o que deve ser ensinado na rede municipal.;Indique o quanto vocë discorda, ou concorda, em relação aos seguintes temas:;D;Concordo fortemente;;
TX_Q024;CHAR;1;PERCEPÇÕES DO(A) SECRETÁRIO(A) MUNICIPAL DE EDUCAÇÃO;As avaliações externas (federal, estadual ou municipal) têm ajudado a melhorar o processo de ensino e aprendizagem na rede municipal.;Indique o quanto vocë discorda, ou concorda, em relação aos seguintes temas:;A;Discordo fortemente;;
;CHAR;;PERCEPÇÕES DO(A) SECRETÁRIO(A) MUNICIPAL DE EDUCAÇÃO;As avaliações externas (federal, estadual ou municipal) têm ajudado a melhorar o processo de ensino e aprendizagem na rede municipal.;Indique o quanto vocë discorda, ou concorda, em relação aos seguintes temas:;B;Discordo;;
;CHAR;;PERCEPÇÕES DO(A) SECRETÁRIO(A) MUNICIPAL DE EDUCAÇÃO;As avaliações externas (federal, estadual ou municipal) têm ajudado a melhorar o processo de ensino e aprendizagem na rede municipal.;Indique o quanto vocë discorda, ou concorda, em relação aos seguintes temas:;C;Concordo;;
;CHAR;;PERCEPÇÕES DO(A) SECRETÁRIO(A) MUNICIPAL DE EDUCAÇÃO;As avaliações externas (federal, estadual ou municipal) têm ajudado a melhorar o processo de ensino e aprendizagem na rede municipal.;Indique o quanto vocë discorda, ou concorda, em relação aos seguintes temas:;D;Concordo fortemente;;
TX_Q025;CHAR;1;PERCEPÇÕES DO(A) SECRETÁRIO(A) MUNICIPAL DE EDUCAÇÃO;A maioria dos estudantes da rede municipal apresenta problemas de aprendizagem.;Indique o quanto vocë discorda, ou concorda, em relação aos seguintes temas:;A;Discordo fortemente;;
;CHAR;;PERCEPÇÕES DO(A) SECRETÁRIO(A) MUNICIPAL DE EDUCAÇÃO;A maioria dos estudantes da rede municipal apresenta problemas de aprendizagem.;Indique o quanto vocë discorda, ou concorda, em relação aos seguintes temas:;B;Discordo;;
;CHAR;;PERCEPÇÕES DO(A) SECRETÁRIO(A) MUNICIPAL DE EDUCAÇÃO;A maioria dos estudantes da rede municipal apresenta problemas de aprendizagem.;Indique o quanto vocë discorda, ou concorda, em relação aos seguintes temas:;C;Concordo;;
;CHAR;;PERCEPÇÕES DO(A) SECRETÁRIO(A) MUNICIPAL DE EDUCAÇÃO;A maioria dos estudantes da rede municipal apresenta problemas de aprendizagem.;Indique o quanto vocë discorda, ou concorda, em relação aos seguintes temas:;D;Concordo fortemente;;
TX_Q026;CHAR;1;PERCEPÇÕES DO(A) SECRETÁRIO(A) MUNICIPAL DE EDUCAÇÃO;Eu acredito que a totalidade dos estudantes da rede municipal são capazes de concluir a Educação Básica e prosseguir seus estudos.;Indique o quanto vocë discorda, ou concorda, em relação aos seguintes temas:;A;Discordo fortemente;;
;CHAR;;PERCEPÇÕES DO(A) SECRETÁRIO(A) MUNICIPAL DE EDUCAÇÃO;Eu acredito que a totalidade dos estudantes da rede municipal são capazes de concluir a Educação Básica e prosseguir seus estudos.;Indique o quanto vocë discorda, ou concorda, em relação aos seguintes temas:;B;Discordo;;
;CHAR;;PERCEPÇÕES DO(A) SECRETÁRIO(A) MUNICIPAL DE EDUCAÇÃO;Eu acredito que a totalidade dos estudantes da rede municipal são capazes de concluir a Educação Básica e prosseguir seus estudos.;Indique o quanto vocë discorda, ou concorda, em relação aos seguintes temas:;C;Concordo;;
;CHAR;;PERCEPÇÕES DO(A) SECRETÁRIO(A) MUNICIPAL DE EDUCAÇÃO;Eu acredito que a totalidade dos estudantes da rede municipal são capazes de concluir a Educação Básica e prosseguir seus estudos.;Indique o quanto vocë discorda, ou concorda, em relação aos seguintes temas:;D;Concordo fortemente;;
TX_Q027;CHAR;1;ORGANIZAÇÃO E PLANEJAMENTO;Autonomia em relação ao Conselho Estadual de Educação?;O município possui:;A;Não;;
;CHAR;;ORGANIZAÇÃO E PLANEJAMENTO;Autonomia em relação ao Conselho Estadual de Educação?;O município possui:;B;Sim;;
TX_Q028;CHAR;1;ORGANIZAÇÃO E PLANEJAMENTO;Sistema Municipal de Ensino (define normas municipais, regras de funcionamento da rede, acompanha a execução dos programas do órgão gestor etc.)?;O município possui:;A;Não;;
;CHAR;;ORGANIZAÇÃO E PLANEJAMENTO;Sistema Municipal de Ensino (define normas municipais, regras de funcionamento da rede, acompanha a execução dos programas do órgão gestor etc.)?;O município possui:;B;Sim;;
TX_Q029;CHAR;1;ORGANIZAÇÃO E PLANEJAMENTO;Plano Municipal de Educação?;O município possui:;A;Não;;
;CHAR;;ORGANIZAÇÃO E PLANEJAMENTO;Plano Municipal de Educação?;O município possui:;B;Sim;;
TX_Q030;CHAR;1;ORGANIZAÇÃO E PLANEJAMENTO;Fórum Permanente ou Municipal de Educação?;O município possui:;A;Não;;
;CHAR;;ORGANIZAÇÃO E PLANEJAMENTO;Fórum Permanente ou Municipal de Educação?;O município possui:;B;Sim;;
TX_Q031;CHAR;1;ORGANIZAÇÃO E PLANEJAMENTO;Conselho Municipal de Educação?;O município possui:;A;Não;;
;CHAR;;ORGANIZAÇÃO E PLANEJAMENTO;Conselho Municipal de Educação?;O município possui:;B;Sim;;
TX_Q032;NUM;3;ORGANIZAÇÃO E PLANEJAMENTO;Quantos servidores/funcionários SEM FUNÇÕES DOCENTES estão lotados na sede da Secretaria de Educação ou do Órgão Gestor de Educação?;Para responder a esta questão, considere os servidores que trabalham EXCLUSIVAMENTE na sede da Secretaria de Educação ou do Órgão Gestor de Educação.;Slidebar;0-500;;
TX_Q033;NUM;3;ORGANIZAÇÃO E PLANEJAMENTO;Quantos servidores/funcionários SEM FUNÇÕES DOCENTES lotados na sede da Secretaria de Educação ou Órgão Gestor de Educação desenvolvem atividades de apoio pedagógico às escolas?;Para responder a esta questão, considere os servidores que trabalham EXCLUSIVAMENTE na sede da Secretaria de Educação ou do Órgão Gestor de Educação.;Slidebar;0-400;;
TX_Q034;CHAR;1;ORGANIZAÇÃO E PLANEJAMENTO;O(A) Secretário (a) Municipal de Educação determina quanto, quando e como usar os recursos financeiros disponíveis no orçamento anual da educação?;;A;Nunca;;
;CHAR;;ORGANIZAÇÃO E PLANEJAMENTO;O(A) Secretário (a) Municipal de Educação determina quanto, quando e como usar os recursos financeiros disponíveis no orçamento anual da educação?;;B;Poucas vezes;;
;CHAR;;ORGANIZAÇÃO E PLANEJAMENTO;O(A) Secretário (a) Municipal de Educação determina quanto, quando e como usar os recursos financeiros disponíveis no orçamento anual da educação?;;C;Muitas vezes;;
;CHAR;;ORGANIZAÇÃO E PLANEJAMENTO;O(A) Secretário (a) Municipal de Educação determina quanto, quando e como usar os recursos financeiros disponíveis no orçamento anual da educação?;;D;Sempre;;
TX_Q035;CHAR;1;ORGANIZAÇÃO E PLANEJAMENTO;O município repassa recursos municipais diretamente às suas escolas?;;A;Não;;
;CHAR;;ORGANIZAÇÃO E PLANEJAMENTO;O município repassa recursos municipais diretamente às suas escolas?;;B;Sim;;
TX_Q036;CHAR;1;ORGANIZAÇÃO E PLANEJAMENTO;Serviços de saúde (postos de saúde etc.).;A Secretaria de Educação ou Órgão Gestor de Educação desenvolve REGULARMENTE trabalhos em conjunto com:;A;Não;;
;CHAR;;ORGANIZAÇÃO E PLANEJAMENTO;Serviços de saúde (postos de saúde etc.).;A Secretaria de Educação ou Órgão Gestor de Educação desenvolve REGULARMENTE trabalhos em conjunto com:;B;Sim;;
TX_Q037;CHAR;1;ORGANIZAÇÃO E PLANEJAMENTO;Serviços de assistência social (CRAS etc.).;A Secretaria de Educação ou Órgão Gestor de Educação desenvolve REGULARMENTE trabalhos em conjunto com:;A;Não;;
;CHAR;;ORGANIZAÇÃO E PLANEJAMENTO;Serviços de assistência social (CRAS etc.).;A Secretaria de Educação ou Órgão Gestor de Educação desenvolve REGULARMENTE trabalhos em conjunto com:;B;Sim;;
TX_Q038;CHAR;1;ORGANIZAÇÃO E PLANEJAMENTO;Segurança pública (polícia militar, guarda municipal etc.).;A Secretaria de Educação ou Órgão Gestor de Educação desenvolve REGULARMENTE trabalhos em conjunto com:;A;Não;;
;CHAR;;ORGANIZAÇÃO E PLANEJAMENTO;Segurança pública (polícia militar, guarda municipal etc.).;A Secretaria de Educação ou Órgão Gestor de Educação desenvolve REGULARMENTE trabalhos em conjunto com:;B;Sim;;
TX_Q039;CHAR;1;ORGANIZAÇÃO E PLANEJAMENTO;Conselho Tutelar (Ministério Público e outros).;A Secretaria de Educação ou Órgão Gestor de Educação desenvolve REGULARMENTE trabalhos em conjunto com:;A;Não;;
;CHAR;;ORGANIZAÇÃO E PLANEJAMENTO;Conselho Tutelar (Ministério Público e outros).;A Secretaria de Educação ou Órgão Gestor de Educação desenvolve REGULARMENTE trabalhos em conjunto com:;B;Sim;;
TX_Q040;CHAR;1;ORGANIZAÇÃO E PLANEJAMENTO;Instituições de apoio ao público-alvo da educação especial (APAE etc.).;A Secretaria de Educação ou Órgão Gestor de Educação desenvolve REGULARMENTE trabalhos em conjunto com:;A;Não;;
;CHAR;;ORGANIZAÇÃO E PLANEJAMENTO;Instituições de apoio ao público-alvo da educação especial (APAE etc.).;A Secretaria de Educação ou Órgão Gestor de Educação desenvolve REGULARMENTE trabalhos em conjunto com:;B;Sim;;
TX_Q041;CHAR;1;ORGANIZAÇÃO E PLANEJAMENTO;Instituições de ensino superior (faculdades, universidades etc.).;A Secretaria de Educação ou Órgão Gestor de Educação desenvolve REGULARMENTE trabalhos em conjunto com:;A;Não;;
;CHAR;;ORGANIZAÇÃO E PLANEJAMENTO;Instituições de ensino superior (faculdades, universidades etc.).;A Secretaria de Educação ou Órgão Gestor de Educação desenvolve REGULARMENTE trabalhos em conjunto com:;B;Sim;;
TX_Q042;CHAR;1;ORGANIZAÇÃO E PLANEJAMENTO;Instituições privadas (empresas, ONGs, corporações etc.).;A Secretaria de Educação ou Órgão Gestor de Educação desenvolve REGULARMENTE trabalhos em conjunto com:;A;Não;;
;CHAR;;ORGANIZAÇÃO E PLANEJAMENTO;Instituições privadas (empresas, ONGs, corporações etc.).;A Secretaria de Educação ou Órgão Gestor de Educação desenvolve REGULARMENTE trabalhos em conjunto com:;B;Sim;;
TX_Q043;CHAR;1;ORGANIZAÇÃO E PLANEJAMENTO;Outros órgãos da prefeitura ou dos governos estadual ou federal.;A Secretaria de Educação ou Órgão Gestor de Educação desenvolve REGULARMENTE trabalhos em conjunto com:;A;Não;;
;CHAR;;ORGANIZAÇÃO E PLANEJAMENTO;Outros órgãos da prefeitura ou dos governos estadual ou federal.;A Secretaria de Educação ou Órgão Gestor de Educação desenvolve REGULARMENTE trabalhos em conjunto com:;B;Sim;;
TX_Q044;CHAR;1;ORGANIZAÇÃO E PLANEJAMENTO;Livre indicação pelo Executivo (prefeito, Secretário (a) Municipal de Educação etc.).;Qual a forma de provimento ao cargo, ou função, do(a) diretor(a) de escola?;A;Não;;
;CHAR;;ORGANIZAÇÃO E PLANEJAMENTO;Livre indicação pelo Executivo (prefeito, Secretário (a) Municipal de Educação etc.).;Qual a forma de provimento ao cargo, ou função, do(a) diretor(a) de escola?;B;Sim;;
TX_Q045;CHAR;1;ORGANIZAÇÃO E PLANEJAMENTO;Concurso público para o cargo de diretor(a).;Qual a forma de provimento ao cargo, ou função, do(a) diretor(a) de escola?;A;Não;;
;CHAR;;ORGANIZAÇÃO E PLANEJAMENTO;Concurso público para o cargo de diretor(a).;Qual a forma de provimento ao cargo, ou função, do(a) diretor(a) de escola?;B;Sim;;
TX_Q046;CHAR;1;ORGANIZAÇÃO E PLANEJAMENTO;Consulta pública/eleição.;Qual a forma de provimento ao cargo, ou função, do(a) diretor(a) de escola?;A;Não;;
;CHAR;;ORGANIZAÇÃO E PLANEJAMENTO;Consulta pública/eleição.;Qual a forma de provimento ao cargo, ou função, do(a) diretor(a) de escola?;B;Sim;;
TX_Q047;CHAR;1;ORGANIZAÇÃO E PLANEJAMENTO;Nenhum critério técnico.;Quais os critérios utilizados no processo de provimento ao cargo, ou função, do(a) diretor(a) de escola?;A;Não;;
;CHAR;;ORGANIZAÇÃO E PLANEJAMENTO;Nenhum critério técnico.;Quais os critérios utilizados no processo de provimento ao cargo, ou função, do(a) diretor(a) de escola?;B;Sim;;
TX_Q048;CHAR;1;ORGANIZAÇÃO E PLANEJAMENTO;Titulação acadêmica.;Quais os critérios utilizados no processo de provimento ao cargo, ou função, do(a) diretor(a) de escola?;A;Não;;
;CHAR;;ORGANIZAÇÃO E PLANEJAMENTO;Titulação acadêmica.;Quais os critérios utilizados no processo de provimento ao cargo, ou função, do(a) diretor(a) de escola?;B;Sim;;
TX_Q049;CHAR;1;ORGANIZAÇÃO E PLANEJAMENTO;Participação/aprovação em curso de formação para diretor(a) escolar.;Quais os critérios utilizados no processo de provimento ao cargo, ou função, do(a) diretor(a) de escola?;A;Não;;
;CHAR;;ORGANIZAÇÃO E PLANEJAMENTO;Participação/aprovação em curso de formação para diretor(a) escolar.;Quais os critérios utilizados no processo de provimento ao cargo, ou função, do(a) diretor(a) de escola?;B;Sim;;
TX_Q050;CHAR;1;ORGANIZAÇÃO E PLANEJAMENTO;Tempo de serviço.;Quais os critérios utilizados no processo de provimento ao cargo, ou função, do(a) diretor(a) de escola?;A;Não;;
;CHAR;;ORGANIZAÇÃO E PLANEJAMENTO;Tempo de serviço.;Quais os critérios utilizados no processo de provimento ao cargo, ou função, do(a) diretor(a) de escola?;B;Sim;;
TX_Q051;CHAR;1;ORGANIZAÇÃO E PLANEJAMENTO;Experiência em gestão.;Quais os critérios utilizados no processo de provimento ao cargo, ou função, do(a) diretor(a) de escola?;A;Não;;
;CHAR;;ORGANIZAÇÃO E PLANEJAMENTO;Experiência em gestão.;Quais os critérios utilizados no processo de provimento ao cargo, ou função, do(a) diretor(a) de escola?;B;Sim;;
TX_Q052;CHAR;1;ORGANIZAÇÃO E PLANEJAMENTO;Os critérios utilizados para o provimento ao cargo, ou função, de diretor(a) de escola estão definidos em legislação municipal?;;A;Sim, a legislação contempla todos os critérios utilizados.;;
;CHAR;;ORGANIZAÇÃO E PLANEJAMENTO;Os critérios utilizados para o provimento ao cargo, ou função, de diretor(a) de escola estão definidos em legislação municipal?;;B;Sim, a legislação contempla uma parte dos critérios utilizados.;;
;CHAR;;ORGANIZAÇÃO E PLANEJAMENTO;Os critérios utilizados para o provimento ao cargo, ou função, de diretor(a) de escola estão definidos em legislação municipal?;;C;Não, não há legislação municipal para escolha dos(as) diretores(as).;;
TX_Q053;CHAR;1;ORGANIZAÇÃO E PLANEJAMENTO;O município possui legislação que disciplina a gestão democrática da educação pública?;;A;Não sei;;
;CHAR;;ORGANIZAÇÃO E PLANEJAMENTO;O município possui legislação que disciplina a gestão democrática da educação pública?;;B;Não;;
;CHAR;;ORGANIZAÇÃO E PLANEJAMENTO;O município possui legislação que disciplina a gestão democrática da educação pública?;;C;Sim;;
TX_Q054;CHAR;1;ORGANIZAÇÃO E PLANEJAMENTO;Conteúdo e compreensão dos conceitos da(s) área(s) de ensino.;Neste ano, quais temas foram abordados em cursos de formação continuada para professores da rede (atualização, treninamento, capacitação etc.).;A;Não;;
;CHAR;;ORGANIZAÇÃO E PLANEJAMENTO;Conteúdo e compreensão dos conceitos da(s) área(s) de ensino.;Neste ano, quais temas foram abordados em cursos de formação continuada para professores da rede (atualização, treninamento, capacitação etc.).;B;Sim;;
TX_Q055;CHAR;1;ORGANIZAÇÃO E PLANEJAMENTO;Avaliação da aprendizagem.;Neste ano, quais temas foram abordados em cursos de formação continuada para professores da rede (atualização, treninamento, capacitação etc.).;A;Não;;
;CHAR;;ORGANIZAÇÃO E PLANEJAMENTO;Avaliação da aprendizagem.;Neste ano, quais temas foram abordados em cursos de formação continuada para professores da rede (atualização, treninamento, capacitação etc.).;B;Sim;;
TX_Q056;CHAR;1;ORGANIZAÇÃO E PLANEJAMENTO;Avaliação em larga escala.;Neste ano, quais temas foram abordados em cursos de formação continuada para professores da rede (atualização, treninamento, capacitação etc.).;A;Não;;
;CHAR;;ORGANIZAÇÃO E PLANEJAMENTO;Avaliação em larga escala.;Neste ano, quais temas foram abordados em cursos de formação continuada para professores da rede (atualização, treninamento, capacitação etc.).;B;Sim;;
TX_Q057;CHAR;1;ORGANIZAÇÃO E PLANEJAMENTO;Metodologias de ensino.;Neste ano, quais temas foram abordados em cursos de formação continuada para professores da rede (atualização, treninamento, capacitação etc.).;A;Não;;
;CHAR;;ORGANIZAÇÃO E PLANEJAMENTO;Metodologias de ensino.;Neste ano, quais temas foram abordados em cursos de formação continuada para professores da rede (atualização, treninamento, capacitação etc.).;B;Sim;;
TX_Q058;CHAR;1;ORGANIZAÇÃO E PLANEJAMENTO;Base Nacional Comum Curricular – BNCC.;Neste ano, quais temas foram abordados em cursos de formação continuada para professores da rede (atualização, treninamento, capacitação etc.).;A;Não;;
;CHAR;;ORGANIZAÇÃO E PLANEJAMENTO;Base Nacional Comum Curricular – BNCC.;Neste ano, quais temas foram abordados em cursos de formação continuada para professores da rede (atualização, treninamento, capacitação etc.).;B;Sim;;
TX_Q059;CHAR;1;ORGANIZAÇÃO E PLANEJAMENTO;Gestão da sala de aula.;Neste ano, quais temas foram abordados em cursos de formação continuada para professores da rede (atualização, treninamento, capacitação etc.).;A;Não;;
;CHAR;;ORGANIZAÇÃO E PLANEJAMENTO;Gestão da sala de aula.;Neste ano, quais temas foram abordados em cursos de formação continuada para professores da rede (atualização, treninamento, capacitação etc.).;B;Sim;;
TX_Q060;CHAR;1;ORGANIZAÇÃO E PLANEJAMENTO;Educação especial.;Neste ano, quais temas foram abordados em cursos de formação continuada para professores da rede (atualização, treninamento, capacitação etc.).;A;Não;;
;CHAR;;ORGANIZAÇÃO E PLANEJAMENTO;Educação especial.;Neste ano, quais temas foram abordados em cursos de formação continuada para professores da rede (atualização, treninamento, capacitação etc.).;B;Sim;;
TX_Q061;CHAR;1;ORGANIZAÇÃO E PLANEJAMENTO;Novas tecnologias educacionais.;Neste ano, quais temas foram abordados em cursos de formação continuada para professores da rede (atualização, treninamento, capacitação etc.).;A;Não;;
;CHAR;;ORGANIZAÇÃO E PLANEJAMENTO;Novas tecnologias educacionais.;Neste ano, quais temas foram abordados em cursos de formação continuada para professores da rede (atualização, treninamento, capacitação etc.).;B;Sim;;
TX_Q062;CHAR;1;ORGANIZAÇÃO E PLANEJAMENTO;Gestão e administração escolar.;Neste ano, quais temas foram abordados em cursos de formação continuada para professores da rede (atualização, treninamento, capacitação etc.).;A;Não;;
;CHAR;;ORGANIZAÇÃO E PLANEJAMENTO;Gestão e administração escolar.;Neste ano, quais temas foram abordados em cursos de formação continuada para professores da rede (atualização, treninamento, capacitação etc.).;B;Sim;;
TX_Q063;CHAR;1;ORGANIZAÇÃO E PLANEJAMENTO;Ensino híbrido.;Neste ano, quais temas foram abordados em cursos de formação continuada para professores da rede (atualização, treninamento, capacitação etc.).;A;Não;;
;CHAR;;ORGANIZAÇÃO E PLANEJAMENTO;Ensino híbrido.;Neste ano, quais temas foram abordados em cursos de formação continuada para professores da rede (atualização, treninamento, capacitação etc.).;B;Sim;;
TX_Q064;CHAR;1;ORGANIZAÇÃO E PLANEJAMENTO;Alfabetização e letramento.;Neste ano, quais temas foram abordados em cursos de formação continuada para professores da rede (atualização, treninamento, capacitação etc.).;A;Não;;
;CHAR;;ORGANIZAÇÃO E PLANEJAMENTO;Alfabetização e letramento.;Neste ano, quais temas foram abordados em cursos de formação continuada para professores da rede (atualização, treninamento, capacitação etc.).;B;Sim;;
TX_Q065;CHAR;1;ORGANIZAÇÃO E PLANEJAMENTO;Gestão democrática.;Neste ano, quais temas foram abordados em cursos de formação continuada para professores da rede (atualização, treninamento, capacitação etc.).;A;Não;;
;CHAR;;ORGANIZAÇÃO E PLANEJAMENTO;Gestão democrática.;Neste ano, quais temas foram abordados em cursos de formação continuada para professores da rede (atualização, treninamento, capacitação etc.).;B;Sim;;
TX_Q066;CHAR;1;ORGANIZAÇÃO E PLANEJAMENTO;Outros.;Neste ano, quais temas foram abordados em cursos de formação continuada para professores da rede (atualização, treninamento, capacitação etc.).;A;Não;;
;CHAR;;ORGANIZAÇÃO E PLANEJAMENTO;Outros.;Neste ano, quais temas foram abordados em cursos de formação continuada para professores da rede (atualização, treninamento, capacitação etc.).;B;Sim;;
TX_Q067;CHAR;3500;ORGANIZAÇÃO E PLANEJAMENTO;Descreva outros cursos de formação continuada.;Regra de dependência: se Q066='Sim', abre Q067.;;RESPOSTA ABERTA;;
TX_Q068;NUM;1;ORGANIZAÇÃO E PLANEJAMENTO;Construção de escolas.;Neste ano, dentre as despesas listadas abaixo, indique os graus de prioridade de cada uma, segundo a Secretaria de Educação ou Órgão Gestor de Educação.;Slidebar;1-4;;
TX_Q069;NUM;1;ORGANIZAÇÃO E PLANEJAMENTO;Reforma de escolas (melhoria e/ou adequação do espaço físico etc.).;Neste ano, dentre as despesas listadas abaixo, indique os graus de prioridade de cada uma, segundo a Secretaria de Educação ou Órgão Gestor de Educação.;Slidebar;1-4;;
TX_Q070;NUM;1;ORGANIZAÇÃO E PLANEJAMENTO;Aquisição de mobiliário para as escolas (carteiras, armários etc.).;Neste ano, dentre as despesas listadas abaixo, indique os graus de prioridade de cada uma, segundo a Secretaria de Educação ou Órgão Gestor de Educação.;Slidebar;1-4;;
TX_Q071;NUM;1;ORGANIZAÇÃO E PLANEJAMENTO;Aquisição de material de higiene, limpeza e equipamento de proteção individual (álcool, sabonete, máscara etc).;Neste ano, dentre as despesas listadas abaixo, indique os graus de prioridade de cada uma, segundo a Secretaria de Educação ou Órgão Gestor de Educação.;Slidebar;1-4;;
TX_Q072;NUM;1;ORGANIZAÇÃO E PLANEJAMENTO;Aquisição de material pedagógico (livros, software, material audiovisual etc.).;Neste ano, dentre as despesas listadas abaixo, indique os graus de prioridade de cada uma, segundo a Secretaria de Educação ou Órgão Gestor de Educação.;Slidebar;1-4;;
TX_Q073;NUM;1;ORGANIZAÇÃO E PLANEJAMENTO;Aquisição de equipamentos para estudantes e/ou professores (computador, tablet, celular, chip para internet etc.).;Neste ano, dentre as despesas listadas abaixo, indique os graus de prioridade de cada uma, segundo a Secretaria de Educação ou Órgão Gestor de Educação.;Slidebar;1-4;;
TX_Q074;NUM;1;ORGANIZAÇÃO E PLANEJAMENTO;Produção de material didático audiovisual ou impresso.;Neste ano, dentre as despesas listadas abaixo, indique os graus de prioridade de cada uma, segundo a Secretaria de Educação ou Órgão Gestor de Educação.;Slidebar;1-4;;
TX_Q075;NUM;1;ORGANIZAÇÃO E PLANEJAMENTO;Contratação de profissionais para a educação.;Neste ano, dentre as despesas listadas abaixo, indique os graus de prioridade de cada uma, segundo a Secretaria de Educação ou Órgão Gestor de Educação.;Slidebar;1-4;;
TX_Q076;NUM;1;ORGANIZAÇÃO E PLANEJAMENTO;Distribuição da alimentação para os estudantes.;Neste ano, dentre as despesas listadas abaixo, indique os graus de prioridade de cada uma, segundo a Secretaria de Educação ou Órgão Gestor de Educação.;Slidebar;1-4;;
TX_Q077;NUM;1;ORGANIZAÇÃO E PLANEJAMENTO;Formação continuada dos(as) professores(as) da rede.;Neste ano, dentre as despesas listadas abaixo, indique os graus de prioridade de cada uma, segundo a Secretaria de Educação ou Órgão Gestor de Educação.;Slidebar;1-4;;
TX_Q078;CHAR;1;ORGANIZAÇÃO E PLANEJAMENTO;Garantia da liberdade religiosa.;Neste ano, dentre as ações listadas a seguir, indique quais foram executadas, ou não, pela Secretaria de Educação ou pelo Órgão Gestor de Educação junto às escolas:;A;Não;;
;CHAR;;ORGANIZAÇÃO E PLANEJAMENTO;Garantia da liberdade religiosa.;Neste ano, dentre as ações listadas a seguir, indique quais foram executadas, ou não, pela Secretaria de Educação ou pelo Órgão Gestor de Educação junto às escolas:;B;Sim;;
TX_Q079;CHAR;1;ORGANIZAÇÃO E PLANEJAMENTO;Inclusão das pessoas público-alvo da educação especial.;Neste ano, dentre as ações listadas a seguir, indique quais foram executadas, ou não, pela Secretaria de Educação ou pelo Órgão Gestor de Educação junto às escolas:;A;Não;;
;CHAR;;ORGANIZAÇÃO E PLANEJAMENTO;Inclusão das pessoas público-alvo da educação especial.;Neste ano, dentre as ações listadas a seguir, indique quais foram executadas, ou não, pela Secretaria de Educação ou pelo Órgão Gestor de Educação junto às escolas:;B;Sim;;
TX_Q080;CHAR;1;ORGANIZAÇÃO E PLANEJAMENTO;Combate ao abuso e à violência sexual.;Neste ano, dentre as ações listadas a seguir, indique quais foram executadas, ou não, pela Secretaria de Educação ou pelo Órgão Gestor de Educação junto às escolas:;A;Não;;
;CHAR;;ORGANIZAÇÃO E PLANEJAMENTO;Combate ao abuso e à violência sexual.;Neste ano, dentre as ações listadas a seguir, indique quais foram executadas, ou não, pela Secretaria de Educação ou pelo Órgão Gestor de Educação junto às escolas:;B;Sim;;
TX_Q081;CHAR;1;ORGANIZAÇÃO E PLANEJAMENTO;Combate ao preconceito ou à discriminação baseada no sexo ou no gênero.;Neste ano, dentre as ações listadas a seguir, indique quais foram executadas, ou não, pela Secretaria de Educação ou pelo Órgão Gestor de Educação junto às escolas:;A;Não;;
;CHAR;;ORGANIZAÇÃO E PLANEJAMENTO;Combate ao preconceito ou à discriminação baseada no sexo ou no gênero.;Neste ano, dentre as ações listadas a seguir, indique quais foram executadas, ou não, pela Secretaria de Educação ou pelo Órgão Gestor de Educação junto às escolas:;B;Sim;;
TX_Q082;CHAR;1;ORGANIZAÇÃO E PLANEJAMENTO;Combate ao racismo.;Neste ano, dentre as ações listadas a seguir, indique quais foram executadas, ou não, pela Secretaria de Educação ou pelo Órgão Gestor de Educação junto às escolas:;A;Não;;
;CHAR;;ORGANIZAÇÃO E PLANEJAMENTO;Combate ao racismo.;Neste ano, dentre as ações listadas a seguir, indique quais foram executadas, ou não, pela Secretaria de Educação ou pelo Órgão Gestor de Educação junto às escolas:;B;Sim;;
TX_Q083;CHAR;1;ORGANIZAÇÃO E PLANEJAMENTO;Mediação de conflitos ou problemas de relacionamento na escola.;Neste ano, dentre as ações listadas a seguir, indique quais foram executadas, ou não, pela Secretaria de Educação ou pelo Órgão Gestor de Educação junto às escolas:;A;Não;;
;CHAR;;ORGANIZAÇÃO E PLANEJAMENTO;Mediação de conflitos ou problemas de relacionamento na escola.;Neste ano, dentre as ações listadas a seguir, indique quais foram executadas, ou não, pela Secretaria de Educação ou pelo Órgão Gestor de Educação junto às escolas:;B;Sim;;
TX_Q084;CHAR;1;ORGANIZAÇÃO E PLANEJAMENTO;Combate ao bullying e outras formas de violência.;Neste ano, dentre as ações listadas a seguir, indique quais foram executadas, ou não, pela Secretaria de Educação ou pelo Órgão Gestor de Educação junto às escolas:;A;Não;;
;CHAR;;ORGANIZAÇÃO E PLANEJAMENTO;Combate ao bullying e outras formas de violência.;Neste ano, dentre as ações listadas a seguir, indique quais foram executadas, ou não, pela Secretaria de Educação ou pelo Órgão Gestor de Educação junto às escolas:;B;Sim;;
TX_Q085;CHAR;1;ORGANIZAÇÃO E PLANEJAMENTO;Promoção da cultura da paz e da não violência.;Neste ano, dentre as ações listadas a seguir, indique quais foram executadas, ou não, pela Secretaria de Educação ou pelo Órgão Gestor de Educação junto às escolas:;A;Não;;
;CHAR;;ORGANIZAÇÃO E PLANEJAMENTO;Promoção da cultura da paz e da não violência.;Neste ano, dentre as ações listadas a seguir, indique quais foram executadas, ou não, pela Secretaria de Educação ou pelo Órgão Gestor de Educação junto às escolas:;B;Sim;;
TX_Q086;CHAR;1;ORGANIZAÇÃO E PLANEJAMENTO;Levantamento de conhecimentos prévios dos estudantes antes de iniciar um conteúdo curricular.; Neste ano, indique se a Secretaria de Educação ou Órgão Gestor de Educação disponibilizou, ou não, orientações para as escolas sobre os seguintes temas:;A;Não;;
;CHAR;;ORGANIZAÇÃO E PLANEJAMENTO;Levantamento de conhecimentos prévios dos estudantes antes de iniciar um conteúdo curricular.; Neste ano, indique se a Secretaria de Educação ou Órgão Gestor de Educação disponibilizou, ou não, orientações para as escolas sobre os seguintes temas:;B;Sim;;
TX_Q087;CHAR;1;ORGANIZAÇÃO E PLANEJAMENTO;Apresentação aos estudantes do currículo e das atividades a serem executadas.; Neste ano, indique se a Secretaria de Educação ou Órgão Gestor de Educação disponibilizou, ou não, orientações para as escolas sobre os seguintes temas:;A;Não;;
;CHAR;;ORGANIZAÇÃO E PLANEJAMENTO;Apresentação aos estudantes do currículo e das atividades a serem executadas.; Neste ano, indique se a Secretaria de Educação ou Órgão Gestor de Educação disponibilizou, ou não, orientações para as escolas sobre os seguintes temas:;B;Sim;;
TX_Q088;CHAR;1;ORGANIZAÇÃO E PLANEJAMENTO;Incentivo aos estudantes para perguntar, comentar, sugerir e divergir durante as aulas.; Neste ano, indique se a Secretaria de Educação ou Órgão Gestor de Educação disponibilizou, ou não, orientações para as escolas sobre os seguintes temas:;A;Não;;
;CHAR;;ORGANIZAÇÃO E PLANEJAMENTO;Incentivo aos estudantes para perguntar, comentar, sugerir e divergir durante as aulas.; Neste ano, indique se a Secretaria de Educação ou Órgão Gestor de Educação disponibilizou, ou não, orientações para as escolas sobre os seguintes temas:;B;Sim;;
TX_Q089;CHAR;1;ORGANIZAÇÃO E PLANEJAMENTO;Estímulo aos estudantes para dialogar e tirar dúvidas com colegas durante as aulas.; Neste ano, indique se a Secretaria de Educação ou Órgão Gestor de Educação disponibilizou, ou não, orientações para as escolas sobre os seguintes temas:;A;Não;;
;CHAR;;ORGANIZAÇÃO E PLANEJAMENTO;Estímulo aos estudantes para dialogar e tirar dúvidas com colegas durante as aulas.; Neste ano, indique se a Secretaria de Educação ou Órgão Gestor de Educação disponibilizou, ou não, orientações para as escolas sobre os seguintes temas:;B;Sim;;
TX_Q090;CHAR;1;ORGANIZAÇÃO E PLANEJAMENTO;Organização de trabalhos em grupo nas aulas.; Neste ano, indique se a Secretaria de Educação ou Órgão Gestor de Educação disponibilizou, ou não, orientações para as escolas sobre os seguintes temas:;A;Não;;
;CHAR;;ORGANIZAÇÃO E PLANEJAMENTO;Organização de trabalhos em grupo nas aulas.; Neste ano, indique se a Secretaria de Educação ou Órgão Gestor de Educação disponibilizou, ou não, orientações para as escolas sobre os seguintes temas:;B;Sim;;
TX_Q091;CHAR;1;ORGANIZAÇÃO E PLANEJAMENTO;Diversificação das metodologias de ensino conforme as dificuldades que os(as) estudantes evidenciam.; Neste ano, indique se a Secretaria de Educação ou Órgão Gestor de Educação disponibilizou, ou não, orientações para as escolas sobre os seguintes temas:;A;Não;;
;CHAR;;ORGANIZAÇÃO E PLANEJAMENTO;Diversificação das metodologias de ensino conforme as dificuldades que os(as) estudantes evidenciam.; Neste ano, indique se a Secretaria de Educação ou Órgão Gestor de Educação disponibilizou, ou não, orientações para as escolas sobre os seguintes temas:;B;Sim;;
TX_Q092;CHAR;1;ORGANIZAÇÃO DA EDUCAÇÃO INFANTIL;A Secretaria de Educação ou Órgão Gestor de Educação possui instituições de Educação Infantil sob sua responsabilidade direta ou indireta?;;A;Não;;
;CHAR;;ORGANIZAÇÃO DA EDUCAÇÃO INFANTIL;A Secretaria de Educação ou Órgão Gestor de Educação possui instituições de Educação Infantil sob sua responsabilidade direta ou indireta?;;B;Sim;;
TX_Q093;NUM;3;ORGANIZAÇÃO DA EDUCAÇÃO INFANTIL;Para responder a esta questão, considere os funcionários/servidores que trabalham EXCLUSIVAMENTE na sede da Secretaria de Educação ou do Órgão Gestor de Educação. Quantos servidores/funcionários SEM FUNÇÕES DOCENTES lotados na sede da Secretaria de Educação ou do Órgão Gestor de Educação estão dedicados EXCLUSIVAMENTE à Educação Infantil?;"Regra de dependência: se Q092=""Sim"", abre blocos de itens Q093 a Q102.";Slidebar;0-100;;
TX_Q094;CHAR;1;ORGANIZAÇÃO DA EDUCAÇÃO INFANTIL;Para a EDUCAÇÃO INFANTIL, o município possui: Cálculo da demanda por vagas?;"Regra de dependência: se Q092=""Sim"", abre blocos de itens Q093 a Q102.";A;Não;;
;CHAR;;ORGANIZAÇÃO DA EDUCAÇÃO INFANTIL;Para a EDUCAÇÃO INFANTIL, o município possui: Cálculo da demanda por vagas?;"Regra de dependência: se Q092=""Sim"", abre blocos de itens Q093 a Q102.";B;Sim;;
TX_Q095;CHAR;1;ORGANIZAÇÃO DA EDUCAÇÃO INFANTIL;Para a EDUCAÇÃO INFANTIL, o município possui: Supervisão escolar?;"Regra de dependência: se Q092=""Sim"", abre blocos de itens Q093 a Q102.";A;Não;;
;CHAR;;ORGANIZAÇÃO DA EDUCAÇÃO INFANTIL;Para a EDUCAÇÃO INFANTIL, o município possui: Supervisão escolar?;"Regra de dependência: se Q092=""Sim"", abre blocos de itens Q093 a Q102.";B;Sim;;
TX_Q096;CHAR;1;ORGANIZAÇÃO DA EDUCAÇÃO INFANTIL;Para a EDUCAÇÃO INFANTIL, o município possui: Programa de formação de professores?;"Regra de dependência: se Q092=""Sim"", abre blocos de itens Q093 a Q102.";A;Não;;
;CHAR;;ORGANIZAÇÃO DA EDUCAÇÃO INFANTIL;Para a EDUCAÇÃO INFANTIL, o município possui: Programa de formação de professores?;"Regra de dependência: se Q092=""Sim"", abre blocos de itens Q093 a Q102.";B;Sim;;
TX_Q097;CHAR;1;ORGANIZAÇÃO DA EDUCAÇÃO INFANTIL;Para a EDUCAÇÃO INFANTIL, o município possui: Busca ativa de crianças para a pré-escola?;"Regra de dependência: se Q092=""Sim"", abre blocos de itens Q093 a Q102.";A;Não;;
;CHAR;;ORGANIZAÇÃO DA EDUCAÇÃO INFANTIL;Para a EDUCAÇÃO INFANTIL, o município possui: Busca ativa de crianças para a pré-escola?;"Regra de dependência: se Q092=""Sim"", abre blocos de itens Q093 a Q102.";B;Sim;;
TX_Q098;CHAR;1;ORGANIZAÇÃO DA EDUCAÇÃO INFANTIL;Para a EDUCAÇÃO INFANTIL, o município possui: Comitê Intersetorial de Políticas Públicas para a Primeira Infância?;"Regra de dependência: se Q092=""Sim"", abre blocos de itens Q093 a Q102.";A;Não;;
;CHAR;;ORGANIZAÇÃO DA EDUCAÇÃO INFANTIL;Para a EDUCAÇÃO INFANTIL, o município possui: Comitê Intersetorial de Políticas Públicas para a Primeira Infância?;"Regra de dependência: se Q092=""Sim"", abre blocos de itens Q093 a Q102.";B;Sim;;
TX_Q099;CHAR;1;ORGANIZAÇÃO DA EDUCAÇÃO INFANTIL;Para a EDUCAÇÃO INFANTIL, o município possui: Transporte escolar?;"Regra de dependência: se Q092=""Sim"", abre blocos de itens Q093 a Q102.";A;Não;;
;CHAR;;ORGANIZAÇÃO DA EDUCAÇÃO INFANTIL;Para a EDUCAÇÃO INFANTIL, o município possui: Transporte escolar?;"Regra de dependência: se Q092=""Sim"", abre blocos de itens Q093 a Q102.";B;Sim;;
TX_Q100;CHAR;1;ORGANIZAÇÃO DA EDUCAÇÃO INFANTIL;Para a EDUCAÇÃO INFANTIL, o município possui: Ações para atingir metas de matrícula (garantia de acesso)?;"Regra de dependência: se Q092=""Sim"", abre blocos de itens Q093 a Q102.";A;Não;;
;CHAR;;ORGANIZAÇÃO DA EDUCAÇÃO INFANTIL;Para a EDUCAÇÃO INFANTIL, o município possui: Ações para atingir metas de matrícula (garantia de acesso)?;"Regra de dependência: se Q092=""Sim"", abre blocos de itens Q093 a Q102.";B;Sim;;
TX_Q101;CHAR;1;ORGANIZAÇÃO DA EDUCAÇÃO INFANTIL;O município possui currículo municipal para a Educação Infantil?;"Regra de dependência: se Q092=""Sim"", abre blocos de itens Q093 a Q102.";A;Não;;
;CHAR;;ORGANIZAÇÃO DA EDUCAÇÃO INFANTIL;O município possui currículo municipal para a Educação Infantil?;"Regra de dependência: se Q092=""Sim"", abre blocos de itens Q093 a Q102.";B;Sim;;
TX_Q102;CHAR;1;ORGANIZAÇÃO DA EDUCAÇÃO INFANTIL;O currículo municipal da educação infantil está atualizado conforme a BNCC - Base Nacional Comum Curricular?;"Regra de dependência: se Q092=""Sim"", abre blocos de itens Q093 a Q102.";A;Não;;
;CHAR;;ORGANIZAÇÃO DA EDUCAÇÃO INFANTIL;O currículo municipal da educação infantil está atualizado conforme a BNCC - Base Nacional Comum Curricular?;"Regra de dependência: se Q092=""Sim"", abre blocos de itens Q093 a Q102.";B;Sim;;
TX_Q103;CHAR;1;ORGANIZAÇÃO DA EDUCAÇÃO INFANTIL;Creche - Crianças de 0 a 3 anos?;O município firma convênios e/ou parcerias com instituições para o atendimento de:;A;Não;;
;CHAR;;ORGANIZAÇÃO DA EDUCAÇÃO INFANTIL;Creche - Crianças de 0 a 3 anos?;O município firma convênios e/ou parcerias com instituições para o atendimento de:;B;Sim;;
TX_Q104;CHAR;1;ORGANIZAÇÃO DA EDUCAÇÃO INFANTIL;Pré-escola - Crianças 4 a 5 anos?;O município firma convênios e/ou parcerias com instituições para o atendimento de:;A;Não;;
;CHAR;;ORGANIZAÇÃO DA EDUCAÇÃO INFANTIL;Pré-escola - Crianças 4 a 5 anos?;O município firma convênios e/ou parcerias com instituições para o atendimento de:;B;Sim;;
TX_Q105;CHAR;1;ORGANIZAÇÃO DA EDUCAÇÃO INFANTIL;As instituições conveniadas e/ou aquelas que celebram parcerias com o município são selecionadas através de chamada pública?;"Regra de dependência: se Q103=""Sim"" e/ou Q104=""Sim"", abre itens Q105 a Q113. (se creche = sim e/ou pré-escola = sim).";A;Não;;
;CHAR;;ORGANIZAÇÃO DA EDUCAÇÃO INFANTIL;As instituições conveniadas e/ou aquelas que celebram parcerias com o município são selecionadas através de chamada pública?;"Regra de dependência: se Q103=""Sim"" e/ou Q104=""Sim"", abre itens Q105 a Q113. (se creche = sim e/ou pré-escola = sim).";B;Sim;;
TX_Q106;CHAR;1;ORGANIZAÇÃO DA EDUCAÇÃO INFANTIL;Existem normas para o funcionamento das conveniadas e/ou aquelas que celebram parcerias com o município?;"Regra de dependência: se Q103=""Sim"" e/ou Q104=""Sim"", abre itens Q105 a Q113. (se creche = sim e/ou pré-escola = sim).";A;Não;;
;CHAR;;ORGANIZAÇÃO DA EDUCAÇÃO INFANTIL;Existem normas para o funcionamento das conveniadas e/ou aquelas que celebram parcerias com o município?;"Regra de dependência: se Q103=""Sim"" e/ou Q104=""Sim"", abre itens Q105 a Q113. (se creche = sim e/ou pré-escola = sim).";B;Sim;;
TX_Q107;CHAR;1;ORGANIZAÇÃO DA EDUCAÇÃO INFANTIL;Com relação à maior parte das instituições conveniadas e/ou aquelas que celebram parcerias com o município, indique o principal responsável pelas ações abaixo: Propriedade das instalações.;"Regra de dependência: se Q103=""Sim"" e/ou Q104=""Sim"", abre itens Q105 a Q113. (se creche = sim e/ou pré-escola = sim).";A;Município;;
;CHAR;;ORGANIZAÇÃO DA EDUCAÇÃO INFANTIL;Com relação à maior parte das instituições conveniadas e/ou aquelas que celebram parcerias com o município, indique o principal responsável pelas ações abaixo: Propriedade das instalações.;"Regra de dependência: se Q103=""Sim"" e/ou Q104=""Sim"", abre itens Q105 a Q113. (se creche = sim e/ou pré-escola = sim).";B;Instituições;;
TX_Q108;CHAR;1;ORGANIZAÇÃO DA EDUCAÇÃO INFANTIL;Com relação à maior parte das instituições conveniadas e/ou aquelas que celebram parcerias com o município, indique o principal responsável pelas ações abaixo: Manutenção das instalações.;"Regra de dependência: se Q103=""Sim"" e/ou Q104=""Sim"", abre itens Q105 a Q113. (se creche = sim e/ou pré-escola = sim).";A;Município;;
;CHAR;;ORGANIZAÇÃO DA EDUCAÇÃO INFANTIL;Com relação à maior parte das instituições conveniadas e/ou aquelas que celebram parcerias com o município, indique o principal responsável pelas ações abaixo: Manutenção das instalações.;"Regra de dependência: se Q103=""Sim"" e/ou Q104=""Sim"", abre itens Q105 a Q113. (se creche = sim e/ou pré-escola = sim).";B;Instituições;;
TX_Q109;CHAR;1;ORGANIZAÇÃO DA EDUCAÇÃO INFANTIL;Com relação à maior parte das instituições conveniadas e/ou aquelas que celebram parcerias com o município, indique o principal responsável pelas ações abaixo: Pagamento dos professores.;"Regra de dependência: se Q103=""Sim"" e/ou Q104=""Sim"", abre itens Q105 a Q113. (se creche = sim e/ou pré-escola = sim).";A;Município;;
;CHAR;;ORGANIZAÇÃO DA EDUCAÇÃO INFANTIL;Com relação à maior parte das instituições conveniadas e/ou aquelas que celebram parcerias com o município, indique o principal responsável pelas ações abaixo: Pagamento dos professores.;"Regra de dependência: se Q103=""Sim"" e/ou Q104=""Sim"", abre itens Q105 a Q113. (se creche = sim e/ou pré-escola = sim).";B;Instituições;;
TX_Q110;CHAR;1;ORGANIZAÇÃO DA EDUCAÇÃO INFANTIL;Com relação à maior parte das instituições conveniadas e/ou aquelas que celebram parcerias com o município, indique o principal responsável pelas ações abaixo: Capacitação dos professores.;"Regra de dependência: se Q103=""Sim"" e/ou Q104=""Sim"", abre itens Q105 a Q113. (se creche = sim e/ou pré-escola = sim).";A;Município;;
;CHAR;;ORGANIZAÇÃO DA EDUCAÇÃO INFANTIL;Com relação à maior parte das instituições conveniadas e/ou aquelas que celebram parcerias com o município, indique o principal responsável pelas ações abaixo: Capacitação dos professores.;"Regra de dependência: se Q103=""Sim"" e/ou Q104=""Sim"", abre itens Q105 a Q113. (se creche = sim e/ou pré-escola = sim).";B;Instituições;;
TX_Q111;CHAR;1;ORGANIZAÇÃO DA EDUCAÇÃO INFANTIL;Com relação à maior parte das instituições conveniadas e/ou aquelas que celebram parcerias com o município, indique o principal responsável pelas ações abaixo: Fornecimento de recursos pedagógicos.;"Regra de dependência: se Q103=""Sim"" e/ou Q104=""Sim"", abre itens Q105 a Q113. (se creche = sim e/ou pré-escola = sim).";A;Município;;
;CHAR;;ORGANIZAÇÃO DA EDUCAÇÃO INFANTIL;Com relação à maior parte das instituições conveniadas e/ou aquelas que celebram parcerias com o município, indique o principal responsável pelas ações abaixo: Fornecimento de recursos pedagógicos.;"Regra de dependência: se Q103=""Sim"" e/ou Q104=""Sim"", abre itens Q105 a Q113. (se creche = sim e/ou pré-escola = sim).";B;Instituições;;
TX_Q112;CHAR;1;ORGANIZAÇÃO DA EDUCAÇÃO INFANTIL;Com relação à maior parte das instituições conveniadas e/ou aquelas que celebram parcerias com o município, indique o principal responsável pelas ações abaixo: Oferta de merenda;"Regra de dependência: se Q103=""Sim"" e/ou Q104=""Sim"", abre itens Q105 a Q113. (se creche = sim e/ou pré-escola = sim).";A;Município;;
;CHAR;;ORGANIZAÇÃO DA EDUCAÇÃO INFANTIL;Com relação à maior parte das instituições conveniadas e/ou aquelas que celebram parcerias com o município, indique o principal responsável pelas ações abaixo: Oferta de merenda;"Regra de dependência: se Q103=""Sim"" e/ou Q104=""Sim"", abre itens Q105 a Q113. (se creche = sim e/ou pré-escola = sim).";B;Instituições;;
TX_Q113;CHAR;1;ORGANIZAÇÃO DA EDUCAÇÃO INFANTIL;Com relação à maior parte das instituições conveniadas e/ou aquelas que celebram parcerias com o município, indique o principal responsável pelas ações abaixo: Transporte escolar;"Regra de dependência: se Q103=""Sim"" e/ou Q104=""Sim"", abre itens Q105 a Q113. (se creche = sim e/ou pré-escola = sim).";A;Município;;
;CHAR;;ORGANIZAÇÃO DA EDUCAÇÃO INFANTIL;Com relação à maior parte das instituições conveniadas e/ou aquelas que celebram parcerias com o município, indique o principal responsável pelas ações abaixo: Transporte escolar;"Regra de dependência: se Q103=""Sim"" e/ou Q104=""Sim"", abre itens Q105 a Q113. (se creche = sim e/ou pré-escola = sim).";B;Instituições;;
TX_Q114;CHAR;1;ORGANIZAÇÃO DO ENSINO FUNDAMENTAL;A Secretaria de Educação ou Órgão Gestor de Educação possui escolas de Ensino Fundamental?;;A;Não;;
;CHAR;;ORGANIZAÇÃO DO ENSINO FUNDAMENTAL;A Secretaria de Educação ou Órgão Gestor de Educação possui escolas de Ensino Fundamental?;;B;Sim;;
TX_Q115;CHAR;1;ORGANIZAÇÃO DO ENSINO FUNDAMENTAL;O Ensino Fundamental é oferecido em ciclos?;"Regra de dependência: se Q114=""Sim"", abre itens da seção, Q115 a Q125.";A;Não;;
;CHAR;;ORGANIZAÇÃO DO ENSINO FUNDAMENTAL;O Ensino Fundamental é oferecido em ciclos?;"Regra de dependência: se Q114=""Sim"", abre itens da seção, Q115 a Q125.";B;Sim;;
TX_Q116;CHAR;1;ORGANIZAÇÃO DO ENSINO FUNDAMENTAL;A rede municipal de ensino utiliza um sistema apostilado desenvolvido por empresa, ONG ou instituição?;"Regra de dependência: se Q114=""Sim"", abre itens da seção, Q115 a Q125.";A;Não;;
;CHAR;;ORGANIZAÇÃO DO ENSINO FUNDAMENTAL;A rede municipal de ensino utiliza um sistema apostilado desenvolvido por empresa, ONG ou instituição?;"Regra de dependência: se Q114=""Sim"", abre itens da seção, Q115 a Q125.";B;Sim;;
TX_Q117;NUM;3;ORGANIZAÇÃO DO ENSINO FUNDAMENTAL;Para responder a esta questão, considere os funcionários/servidores que trabalham EXCLUSIVAMENTE na sede da Secretaria de Educação ou do Órgão Gestor de Educação. Quantos servidores/funcionários SEM FUNÇÕES DOCENTES lotados na sede da Secretaria de Educação ou do Órgão Gestor de Educação estão dedicados EXCLUSIVAMENTE ao Ensino Fundamental?;"Regra de dependência: se Q114=""Sim"", abre itens da seção, Q115 a Q125.";Slidebar;0-300;;
TX_Q118;CHAR;1;ORGANIZAÇÃO DO ENSINO FUNDAMENTAL;Para o ENSINO FUNDAMENTAL, o município possui: Cálculo da demanda por vagas?;"Regra de dependência: se Q114=""Sim"", abre itens da seção, Q115 a Q125.";A;Não;;
;CHAR;;ORGANIZAÇÃO DO ENSINO FUNDAMENTAL;Para o ENSINO FUNDAMENTAL, o município possui: Cálculo da demanda por vagas?;"Regra de dependência: se Q114=""Sim"", abre itens da seção, Q115 a Q125.";B;Sim;;
TX_Q119;CHAR;1;ORGANIZAÇÃO DO ENSINO FUNDAMENTAL;Para o ENSINO FUNDAMENTAL, o município possui: Supervisão escolar?;"Regra de dependência: se Q114=""Sim"", abre itens da seção, Q115 a Q125.";A;Não;;
;CHAR;;ORGANIZAÇÃO DO ENSINO FUNDAMENTAL;Para o ENSINO FUNDAMENTAL, o município possui: Supervisão escolar?;"Regra de dependência: se Q114=""Sim"", abre itens da seção, Q115 a Q125.";B;Sim;;
TX_Q120;CHAR;1;ORGANIZAÇÃO DO ENSINO FUNDAMENTAL;Para o ENSINO FUNDAMENTAL, o município possui: Programa de formação de professores?;"Regra de dependência: se Q114=""Sim"", abre itens da seção, Q115 a Q125.";A;Não;;
;CHAR;;ORGANIZAÇÃO DO ENSINO FUNDAMENTAL;Para o ENSINO FUNDAMENTAL, o município possui: Programa de formação de professores?;"Regra de dependência: se Q114=""Sim"", abre itens da seção, Q115 a Q125.";B;Sim;;
TX_Q121;CHAR;1;ORGANIZAÇÃO DO ENSINO FUNDAMENTAL;Para o ENSINO FUNDAMENTAL, o município possui: Busca ativa de crianças e jovens para o Ensino Fundamental?;"Regra de dependência: se Q114=""Sim"", abre itens da seção, Q115 a Q125.";A;Não;;
;CHAR;;ORGANIZAÇÃO DO ENSINO FUNDAMENTAL;Para o ENSINO FUNDAMENTAL, o município possui: Busca ativa de crianças e jovens para o Ensino Fundamental?;"Regra de dependência: se Q114=""Sim"", abre itens da seção, Q115 a Q125.";B;Sim;;
TX_Q122;CHAR;1;ORGANIZAÇÃO DO ENSINO FUNDAMENTAL;Para o ENSINO FUNDAMENTAL, o município possui: Transporte escolar?;"Regra de dependência: se Q114=""Sim"", abre itens da seção, Q115 a Q125.";A;Não;;
;CHAR;;ORGANIZAÇÃO DO ENSINO FUNDAMENTAL;Para o ENSINO FUNDAMENTAL, o município possui: Transporte escolar?;"Regra de dependência: se Q114=""Sim"", abre itens da seção, Q115 a Q125.";B;Sim;;
TX_Q123;CHAR;1;ORGANIZAÇÃO DO ENSINO FUNDAMENTAL;Para o ENSINO FUNDAMENTAL, o município possui: Ações para atingir metas de matrícula (garantia de acesso)?;"Regra de dependência: se Q114=""Sim"", abre itens da seção, Q115 a Q125.";A;Não;;
;CHAR;;ORGANIZAÇÃO DO ENSINO FUNDAMENTAL;Para o ENSINO FUNDAMENTAL, o município possui: Ações para atingir metas de matrícula (garantia de acesso)?;"Regra de dependência: se Q114=""Sim"", abre itens da seção, Q115 a Q125.";B;Sim;;
TX_Q124;CHAR;1;ORGANIZAÇÃO DO ENSINO FUNDAMENTAL;O município possui currículo municipal para o Ensino Fundamental?;"Regra de dependência: se Q114=""Sim"", abre itens da seção, Q115 a Q125.";A;Não;;
;CHAR;;ORGANIZAÇÃO DO ENSINO FUNDAMENTAL;O município possui currículo municipal para o Ensino Fundamental?;"Regra de dependência: se Q114=""Sim"", abre itens da seção, Q115 a Q125.";B;Sim;;
TX_Q125;CHAR;1;ORGANIZAÇÃO DO ENSINO FUNDAMENTAL;O currículo municipal está atualizado conforme a BNCC – Base Nacional Comum Curricular?;"Regra de dependência: se Q114=""Sim"", abre itens da seção, Q115 a Q125.";A;Não;;
;CHAR;;ORGANIZAÇÃO DO ENSINO FUNDAMENTAL;O currículo municipal está atualizado conforme a BNCC – Base Nacional Comum Curricular?;"Regra de dependência: se Q114=""Sim"", abre itens da seção, Q115 a Q125.";B;Sim;;
TX_Q126;CHAR;1;PLANO DE CARREIRA;Auxiliares e assistentes da Educação Infantil.;Dentre os profissionais listados abaixo, indique quais possuem plano de carreira.;A;Não;;
;CHAR;;PLANO DE CARREIRA;Auxiliares e assistentes da Educação Infantil.;Dentre os profissionais listados abaixo, indique quais possuem plano de carreira.;B;Sim;;
;CHAR;;PLANO DE CARREIRA;Auxiliares e assistentes da Educação Infantil.;Dentre os profissionais listados abaixo, indique quais possuem plano de carreira.;C;Não se aplica;;
TX_Q127;CHAR;1;PLANO DE CARREIRA;Professores(as) da Educação Infantil.;Dentre os profissionais listados abaixo, indique quais possuem plano de carreira.;A;Não;;
;CHAR;;PLANO DE CARREIRA;Professores(as) da Educação Infantil.;Dentre os profissionais listados abaixo, indique quais possuem plano de carreira.;B;Sim;;
;CHAR;;PLANO DE CARREIRA;Professores(as) da Educação Infantil.;Dentre os profissionais listados abaixo, indique quais possuem plano de carreira.;C;Não se aplica;;
TX_Q128;CHAR;1;PLANO DE CARREIRA;Professores(as) do Ensino Fundamental.;Dentre os profissionais listados abaixo, indique quais possuem plano de carreira.;A;Não;;
;CHAR;;PLANO DE CARREIRA;Professores(as) do Ensino Fundamental.;Dentre os profissionais listados abaixo, indique quais possuem plano de carreira.;B;Sim;;
;CHAR;;PLANO DE CARREIRA;Professores(as) do Ensino Fundamental.;Dentre os profissionais listados abaixo, indique quais possuem plano de carreira.;C;Não se aplica;;
TX_Q129;CHAR;1;PLANO DE CARREIRA;Profissionais não docentes.;Dentre os profissionais listados abaixo, indique quais possuem plano de carreira.;A;Não;;
;CHAR;;PLANO DE CARREIRA;Profissionais não docentes.;Dentre os profissionais listados abaixo, indique quais possuem plano de carreira.;B;Sim;;
;CHAR;;PLANO DE CARREIRA;Profissionais não docentes.;Dentre os profissionais listados abaixo, indique quais possuem plano de carreira.;C;Não se aplica;;
TX_Q130;CHAR;1;PLANO DE CARREIRA;Até 20 horas semanais.;Para os(as) professores(as), quais as jornadas de trabalho semanais estipuladas pela legislação municipal?;A;Não;;
;CHAR;;PLANO DE CARREIRA;Até 20 horas semanais.;Para os(as) professores(as), quais as jornadas de trabalho semanais estipuladas pela legislação municipal?;B;Sim;;
TX_Q131;CHAR;1;PLANO DE CARREIRA;De 21 a 30 horas semanais.;Para os(as) professores(as), quais as jornadas de trabalho semanais estipuladas pela legislação municipal?;A;Não;;
;CHAR;;PLANO DE CARREIRA;De 21 a 30 horas semanais.;Para os(as) professores(as), quais as jornadas de trabalho semanais estipuladas pela legislação municipal?;B;Sim;;
TX_Q132;CHAR;1;PLANO DE CARREIRA;De 31 a 40 horas semanais.;Para os(as) professores(as), quais as jornadas de trabalho semanais estipuladas pela legislação municipal?;A;Não;;
;CHAR;;PLANO DE CARREIRA;De 31 a 40 horas semanais.;Para os(as) professores(as), quais as jornadas de trabalho semanais estipuladas pela legislação municipal?;B;Sim;;
TX_Q133;CHAR;1;PLANO DE CARREIRA;Mais de 40 horas semanais.;Para os(as) professores(as), quais as jornadas de trabalho semanais estipuladas pela legislação municipal?;A;Não;;
;CHAR;;PLANO DE CARREIRA;Mais de 40 horas semanais.;Para os(as) professores(as), quais as jornadas de trabalho semanais estipuladas pela legislação municipal?;B;Sim;;
TX_Q134;CHAR;1;PLANO DE CARREIRA;Para os(as) professores(as), está previsto o limite máximo de 2/3 da jornada de trabalho semanal em sala de aula?;;A;Não;;
;CHAR;;PLANO DE CARREIRA;Para os(as) professores(as), está previsto o limite máximo de 2/3 da jornada de trabalho semanal em sala de aula?;;B;Sim;;
TX_Q135;CHAR;1;PLANO DE CARREIRA;Quais critérios de progressão ou promoção são utilizados no plano de carreira do magistério? Tempo de efetivo exercício no cargo.;"Regra de dependência: se Q127=""Sim"" e/ou Q128='Sim', abre itens do bloco Q135 a Q141.";A;Não;;
;CHAR;;PLANO DE CARREIRA;Quais critérios de progressão ou promoção são utilizados no plano de carreira do magistério? Tempo de efetivo exercício no cargo.;"Regra de dependência: se Q127=""Sim"" e/ou Q128='Sim', abre itens do bloco Q135 a Q141.";B;Sim;;
TX_Q136;CHAR;1;PLANO DE CARREIRA;Quais critérios de progressão ou promoção são utilizados no plano de carreira do magistério? Qualificação.;"Regra de dependência: se Q127=""Sim"" e/ou Q128='Sim', abre itens do bloco Q135 a Q141.";A;Não;;
;CHAR;;PLANO DE CARREIRA;Quais critérios de progressão ou promoção são utilizados no plano de carreira do magistério? Qualificação.;"Regra de dependência: se Q127=""Sim"" e/ou Q128='Sim', abre itens do bloco Q135 a Q141.";B;Sim;;
TX_Q137;CHAR;1;PLANO DE CARREIRA;Quais critérios de progressão ou promoção são utilizados no plano de carreira do magistério? Titulação.;"Regra de dependência: se Q127=""Sim"" e/ou Q128='Sim', abre itens do bloco Q135 a Q141.";A;Não;;
;CHAR;;PLANO DE CARREIRA;Quais critérios de progressão ou promoção são utilizados no plano de carreira do magistério? Titulação.;"Regra de dependência: se Q127=""Sim"" e/ou Q128='Sim', abre itens do bloco Q135 a Q141.";B;Sim;;
TX_Q138;CHAR;1;PLANO DE CARREIRA;Quais critérios de progressão ou promoção são utilizados no plano de carreira do magistério? Assiduidade.;"Regra de dependência: se Q127=""Sim"" e/ou Q128='Sim', abre itens do bloco Q135 a Q141.";A;Não;;
;CHAR;;PLANO DE CARREIRA;Quais critérios de progressão ou promoção são utilizados no plano de carreira do magistério? Assiduidade.;"Regra de dependência: se Q127=""Sim"" e/ou Q128='Sim', abre itens do bloco Q135 a Q141.";B;Sim;;
TX_Q139;CHAR;1;PLANO DE CARREIRA;Quais critérios de progressão ou promoção são utilizados no plano de carreira do magistério? Avaliação de desempenho.;"Regra de dependência: se Q127=""Sim"" e/ou Q128='Sim', abre itens do bloco Q135 a Q141.";A;Não;;
;CHAR;;PLANO DE CARREIRA;Quais critérios de progressão ou promoção são utilizados no plano de carreira do magistério? Avaliação de desempenho.;"Regra de dependência: se Q127=""Sim"" e/ou Q128='Sim', abre itens do bloco Q135 a Q141.";B;Sim;;
TX_Q140;CHAR;1;PLANO DE CARREIRA;Quais critérios de progressão ou promoção são utilizados no plano de carreira do magistério? Prova de conhecimentos para professores.;"Regra de dependência: se Q127=""Sim"" e/ou Q128='Sim', abre itens do bloco Q135 a Q141.";A;Não;;
;CHAR;;PLANO DE CARREIRA;Quais critérios de progressão ou promoção são utilizados no plano de carreira do magistério? Prova de conhecimentos para professores.;"Regra de dependência: se Q127=""Sim"" e/ou Q128='Sim', abre itens do bloco Q135 a Q141.";B;Sim;;
TX_Q141;CHAR;1;PLANO DE CARREIRA;Quais critérios de progressão ou promoção são utilizados no plano de carreira do magistério? Desempenho dos alunos em avaliações externas.;"Regra de dependência: se Q127=""Sim"" e/ou Q128='Sim', abre itens do bloco Q135 a Q141.";A;Não;;
;CHAR;;PLANO DE CARREIRA;Quais critérios de progressão ou promoção são utilizados no plano de carreira do magistério? Desempenho dos alunos em avaliações externas.;"Regra de dependência: se Q127=""Sim"" e/ou Q128='Sim', abre itens do bloco Q135 a Q141.";B;Sim;;
TX_Q142;CHAR;1;PLANO DE CARREIRA;Para os(as) professores(as) com jornada de trabalho de 40 HORAS SEMANAIS, o VENCIMENTO INICIAL é igual ou superior a R$ 4.420,55?;;A;Não;;
;CHAR;;PLANO DE CARREIRA;Para os(as) professores(as) com jornada de trabalho de 40 HORAS SEMANAIS, o VENCIMENTO INICIAL é igual ou superior a R$ 4.420,55?;;B;Sim;;
TX_Q143;CHAR;1;PLANO DE CARREIRA;O VENCIMENTO INICIAL dos(as) professores(as) de EDUCAÇÃO INFANTIL, comparado com o dos(as) professores(as) do Ensino Fundamental:;;A;É inferior ao dos(as) professores(as) do Ensino Fundamental.;;
;CHAR;;PLANO DE CARREIRA;O VENCIMENTO INICIAL dos(as) professores(as) de EDUCAÇÃO INFANTIL, comparado com o dos(as) professores(as) do Ensino Fundamental:;;B;É equivalente ao dos(as) professores(as) do Ensino Fundamental.;;
;CHAR;;PLANO DE CARREIRA;O VENCIMENTO INICIAL dos(as) professores(as) de EDUCAÇÃO INFANTIL, comparado com o dos(as) professores(as) do Ensino Fundamental:;;C;É superior ao dos(as) professores(as) do Ensino Fundamental.;;
;CHAR;;PLANO DE CARREIRA;O VENCIMENTO INICIAL dos(as) professores(as) de EDUCAÇÃO INFANTIL, comparado com o dos(as) professores(as) do Ensino Fundamental:;;D;Não existe este profissional na rede.;;
TX_Q144;CHAR;1;AVALIAÇÃO EDUCACIONAL;A Secretaria utiliza os resultados do IDEB?;;A;Não;;
;CHAR;;AVALIAÇÃO EDUCACIONAL;A Secretaria utiliza os resultados do IDEB?;;B;Sim;;
TX_Q145;NUM;1;AVALIAÇÃO EDUCACIONAL;Indique o grau de importância que tem o Ideb para que a Secretaria de Educação ou Órgão Gestor de Educação do seu município possa desenvolver cada uma das seguintes ações: Coletar informações para a formação continuada de professores.;"Regra de dependência: se Q144=""Sim"", abre Q145 a Q153.";Slidebar;1-4;;
TX_Q146;NUM;1;AVALIAÇÃO EDUCACIONAL;Indique o grau de importância que tem o Ideb para que a Secretaria de Educação ou Órgão Gestor de Educação do seu município possa desenvolver cada uma das seguintes ações: Avaliar programas ou projetos da Secretaria de Educação ou Órgão Gestor de Educação.;"Regra de dependência: se Q144=""Sim"", abre Q145 a Q153.";Slidebar;1-4;;
TX_Q147;NUM;1;AVALIAÇÃO EDUCACIONAL;Indique o grau de importância que tem o Ideb para que a Secretaria de Educação ou Órgão Gestor de Educação do seu município possa desenvolver cada uma das seguintes ações: Produzir materiais didáticos e pedagógicos pela Secretaria de Educação ou Órgão Gestor de Educação.;"Regra de dependência: se Q144=""Sim"", abre Q145 a Q153.";Slidebar;1-4;;
TX_Q148;NUM;1;AVALIAÇÃO EDUCACIONAL;Indique o grau de importância que tem o Ideb para que a Secretaria de Educação ou Órgão Gestor de Educação do seu município possa desenvolver cada uma das seguintes ações: Adquirir materiais didáticos e pedagógicos de empresas ou instituições.;"Regra de dependência: se Q144=""Sim"", abre Q145 a Q153.";Slidebar;1-4;;
TX_Q149;NUM;1;AVALIAÇÃO EDUCACIONAL;Indique o grau de importância que tem o Ideb para que a Secretaria de Educação ou Órgão Gestor de Educação do seu município possa desenvolver cada uma das seguintes ações: Premiar escolas com melhores resultados.;"Regra de dependência: se Q144=""Sim"", abre Q145 a Q153.";Slidebar;1-4;;
TX_Q150;NUM;1;AVALIAÇÃO EDUCACIONAL;Indique o grau de importância que tem o Ideb para que a Secretaria de Educação ou Órgão Gestor de Educação do seu município possa desenvolver cada uma das seguintes ações: Desenvolver ações pedagógicas voltadas para unidades escolares com piores resultados.;"Regra de dependência: se Q144=""Sim"", abre Q145 a Q153.";Slidebar;1-4;;
TX_Q151;NUM;1;AVALIAÇÃO EDUCACIONAL;Indique o grau de importância que tem o Ideb para que a Secretaria de Educação ou Órgão Gestor de Educação do seu município possa desenvolver cada uma das seguintes ações: Definir pagamento de bonificação para professores.;"Regra de dependência: se Q144=""Sim"", abre Q145 a Q153.";Slidebar;1-4;;
TX_Q152;NUM;1;AVALIAÇÃO EDUCACIONAL;Indique o grau de importância que tem o Ideb para que a Secretaria de Educação ou Órgão Gestor de Educação do seu município possa desenvolver cada uma das seguintes ações: Definir remanejamento de diretores.;"Regra de dependência: se Q144=""Sim"", abre Q145 a Q153.";Slidebar;1-4;;
TX_Q153;NUM;1;AVALIAÇÃO EDUCACIONAL;Indique o grau de importância que tem o Ideb para que a Secretaria de Educação ou Órgão Gestor de Educação do seu município possa desenvolver cada uma das seguintes ações: Autoavaliação da rede municipal.;"Regra de dependência: se Q144=""Sim"", abre Q145 a Q153.";Slidebar;1-4;;
TX_Q154;CHAR;1;AVALIAÇÃO EDUCACIONAL;O município aplica PROVAS EXTERNAS, preparadas pela Secretaria de Educação ou pelo Órgão Gestor de Educação ou por instituição contratada, aos estudantes da rede municipal?;;A;Não;;
;CHAR;;AVALIAÇÃO EDUCACIONAL;O município aplica PROVAS EXTERNAS, preparadas pela Secretaria de Educação ou pelo Órgão Gestor de Educação ou por instituição contratada, aos estudantes da rede municipal?;;B;Sim;;
TX_Q155;CHAR;1;AVALIAÇÃO EDUCACIONAL;Para cada etapa da Educação Básica, indique se são aplicadas, ou não, PROVAS EXTERNAS aos estudantes da rede municipal. Pré-escola;"Regra de dependência: se Q154=""Sim"", abre Q155 a Q166.";A;Aplicam-se provas externas ;;
;CHAR;;AVALIAÇÃO EDUCACIONAL;Para cada etapa da Educação Básica, indique se são aplicadas, ou não, PROVAS EXTERNAS aos estudantes da rede municipal. Pré-escola;"Regra de dependência: se Q154=""Sim"", abre Q155 a Q166.";B;Não se aplicam provas externas;;
TX_Q156;CHAR;1;AVALIAÇÃO EDUCACIONAL;Quem é responsável por elaborar as PROVAS EXTERNAS aplicadas aos estudantes da pré-escola?;"Regra de dependência: se Q155=""Aplicam-se provas externas "", abre Q156.";A;Secretaria de Educação ou Órgão Gestor de Educação;;
;CHAR;;AVALIAÇÃO EDUCACIONAL;Quem é responsável por elaborar as PROVAS EXTERNAS aplicadas aos estudantes da pré-escola?;"Regra de dependência: se Q155=""Aplicam-se provas externas "", abre Q156.";B;Instituição contratada;;
TX_Q157;CHAR;1;AVALIAÇÃO EDUCACIONAL;Indique as etapas da Educação Básica nas quais são aplicadas as provas preparadas pela secretaria ou instituicao contratada: Ensino Fundamental – Anos Iniciais;"Regra de dependência: se Q154=""Sim"", abre Q155 a Q166.";A;Aplicam-se provas externas ;;
;CHAR;;AVALIAÇÃO EDUCACIONAL;Indique as etapas da Educação Básica nas quais são aplicadas as provas preparadas pela secretaria ou instituicao contratada: Ensino Fundamental – Anos Iniciais;"Regra de dependência: se Q154=""Sim"", abre Q155 a Q166.";B;Não se aplicam provas externas;;
TX_Q158;CHAR;1;AVALIAÇÃO EDUCACIONAL;Quem é responsável por elaborar as PROVAS EXTERNAS aplicadas aos estudantes dos anos iniciais do Ensino Fundamental?;"Regra de dependência: se Q157=""Aplicam-se provas externas "", abre Q158.";A;Secretaria de Educação ou Órgão Gestor de Educação;;
;CHAR;;AVALIAÇÃO EDUCACIONAL;Quem é responsável por elaborar as PROVAS EXTERNAS aplicadas aos estudantes dos anos iniciais do Ensino Fundamental?;"Regra de dependência: se Q157=""Aplicam-se provas externas "", abre Q158.";B;Instituição contratada;;
TX_Q159;CHAR;1;AVALIAÇÃO EDUCACIONAL;Indique as etapas da Educação Básica nas quais são aplicadas as provas preparadas pela secretaria ou instituicao contratada: Ensino Fundamental - Anos finais;"Regra de dependência: se Q154=""Sim"", abre Q155 a Q166.";A;Aplicam-se provas externas ;;
;CHAR;;AVALIAÇÃO EDUCACIONAL;Indique as etapas da Educação Básica nas quais são aplicadas as provas preparadas pela secretaria ou instituicao contratada: Ensino Fundamental - Anos finais;"Regra de dependência: se Q154=""Sim"", abre Q155 a Q166.";B;Não se aplicam provas externas;;
TX_Q160;CHAR;1;AVALIAÇÃO EDUCACIONAL;Quem é responsável por elaborar as PROVAS EXTERNAS aplicadas aos estudantes dos anos finais do Ensino Fundamental?;"Regra de dependência: se Q159=""Aplicam-se provas externas "", abre Q160.";A;Secretaria de Educação ou Órgão Gestor de Educação;;
;CHAR;;AVALIAÇÃO EDUCACIONAL;Quem é responsável por elaborar as PROVAS EXTERNAS aplicadas aos estudantes dos anos finais do Ensino Fundamental?;"Regra de dependência: se Q159=""Aplicam-se provas externas "", abre Q160.";B;Instituição contratada;;
TX_Q161;CHAR;1;AVALIAÇÃO EDUCACIONAL;Indique a periodicidade da aplicação das PROVAS EXTERNAS elaboradas pelo Secretaria de Educação ou pelo Órgão Gestor de Educação ou por instituição contratada: Mensal;"Regra de dependência: se Q154=""Sim"", abre Q155 a Q166.";A;Não;;
;CHAR;;AVALIAÇÃO EDUCACIONAL;Indique a periodicidade da aplicação das PROVAS EXTERNAS elaboradas pelo Secretaria de Educação ou pelo Órgão Gestor de Educação ou por instituição contratada: Mensal;"Regra de dependência: se Q154=""Sim"", abre Q155 a Q166.";B;Sim;;
TX_Q162;CHAR;1;AVALIAÇÃO EDUCACIONAL;Indique a periodicidade da aplicação das PROVAS EXTERNAS elaboradas pelo Secretaria de Educação ou pelo Órgão Gestor de Educação ou por instituição contratada: Bimestral;"Regra de dependência: se Q154=""Sim"", abre Q155 a Q166.";A;Não;;
;CHAR;;AVALIAÇÃO EDUCACIONAL;Indique a periodicidade da aplicação das PROVAS EXTERNAS elaboradas pelo Secretaria de Educação ou pelo Órgão Gestor de Educação ou por instituição contratada: Bimestral;"Regra de dependência: se Q154=""Sim"", abre Q155 a Q166.";B;Sim;;
TX_Q163;CHAR;1;AVALIAÇÃO EDUCACIONAL;Indique a periodicidade da aplicação das PROVAS EXTERNAS elaboradas pelo Secretaria de Educação ou pelo Órgão Gestor de Educação ou por instituição contratada: Trimestral;"Regra de dependência: se Q154=""Sim"", abre Q155 a Q166.";A;Não;;
;CHAR;;AVALIAÇÃO EDUCACIONAL;Indique a periodicidade da aplicação das PROVAS EXTERNAS elaboradas pelo Secretaria de Educação ou pelo Órgão Gestor de Educação ou por instituição contratada: Trimestral;"Regra de dependência: se Q154=""Sim"", abre Q155 a Q166.";B;Sim;;
TX_Q164;CHAR;1;AVALIAÇÃO EDUCACIONAL;Indique a periodicidade da aplicação das PROVAS EXTERNAS elaboradas pelo Secretaria de Educação ou pelo Órgão Gestor de Educação ou por instituição contratada: Semestral;"Regra de dependência: se Q154=""Sim"", abre Q155 a Q166.";A;Não;;
;CHAR;;AVALIAÇÃO EDUCACIONAL;Indique a periodicidade da aplicação das PROVAS EXTERNAS elaboradas pelo Secretaria de Educação ou pelo Órgão Gestor de Educação ou por instituição contratada: Semestral;"Regra de dependência: se Q154=""Sim"", abre Q155 a Q166.";B;Sim;;
TX_Q165;CHAR;1;AVALIAÇÃO EDUCACIONAL;Indique a periodicidade da aplicação das PROVAS EXTERNAS elaboradas pelo Secretaria de Educação ou pelo Órgão Gestor de Educação ou por instituição contratada: Anual;"Regra de dependência: se Q154=""Sim"", abre Q155 a Q166.";A;Não;;
;CHAR;;AVALIAÇÃO EDUCACIONAL;Indique a periodicidade da aplicação das PROVAS EXTERNAS elaboradas pelo Secretaria de Educação ou pelo Órgão Gestor de Educação ou por instituição contratada: Anual;"Regra de dependência: se Q154=""Sim"", abre Q155 a Q166.";B;Sim;;
TX_Q166;CHAR;1;AVALIAÇÃO EDUCACIONAL;Indique a periodicidade da aplicação das PROVAS EXTERNAS elaboradas pelo Secretaria de Educação ou pelo Órgão Gestor de Educação ou por instituição contratada: Bianual;"Regra de dependência: se Q154=""Sim"", abre Q155 a Q166.";A;Não;;
;CHAR;;AVALIAÇÃO EDUCACIONAL;Indique a periodicidade da aplicação das PROVAS EXTERNAS elaboradas pelo Secretaria de Educação ou pelo Órgão Gestor de Educação ou por instituição contratada: Bianual;"Regra de dependência: se Q154=""Sim"", abre Q155 a Q166.";B;Sim;;
TX_Q167;CHAR;1;AVALIAÇÃO EDUCACIONAL;A Secretaria de Educação ou Órgão Gestor de Educação realiza PERIODICAMENTE monitoramento ou avaliação da sua rede de ensino?;;A;Não;;
;CHAR;;AVALIAÇÃO EDUCACIONAL;A Secretaria de Educação ou Órgão Gestor de Educação realiza PERIODICAMENTE monitoramento ou avaliação da sua rede de ensino?;;B;Sim;;
TX_Q168;CHAR;1;AVALIAÇÃO EDUCACIONAL;Para cada uma das ações a seguir, indique se são, ou não, PERIODICAMENTE realizadas para monitorar ou avaliar a sua rede: Autoavaliação das escolas.;"Regra de dependência: se Q167=""Sim"", abre Q168 a Q175.";A;Não;;
;CHAR;;AVALIAÇÃO EDUCACIONAL;Para cada uma das ações a seguir, indique se são, ou não, PERIODICAMENTE realizadas para monitorar ou avaliar a sua rede: Autoavaliação das escolas.;"Regra de dependência: se Q167=""Sim"", abre Q168 a Q175.";B;Sim;;
TX_Q169;CHAR;1;AVALIAÇÃO EDUCACIONAL;Para cada uma das ações a seguir, indique se são, ou não, PERIODICAMENTE realizadas para monitorar ou avaliar a sua rede: Avaliação do Projeto Pedagógico das escolas.;"Regra de dependência: se Q167=""Sim"", abre Q168 a Q175.";A;Não;;
;CHAR;;AVALIAÇÃO EDUCACIONAL;Para cada uma das ações a seguir, indique se são, ou não, PERIODICAMENTE realizadas para monitorar ou avaliar a sua rede: Avaliação do Projeto Pedagógico das escolas.;"Regra de dependência: se Q167=""Sim"", abre Q168 a Q175.";B;Sim;;
TX_Q170;CHAR;1;AVALIAÇÃO EDUCACIONAL;Para cada uma das ações a seguir, indique se são, ou não, PERIODICAMENTE realizadas para monitorar ou avaliar a sua rede: Desempenho dos(as) professores(as).;"Regra de dependência: se Q167=""Sim"", abre Q168 a Q175.";A;Não;;
;CHAR;;AVALIAÇÃO EDUCACIONAL;Para cada uma das ações a seguir, indique se são, ou não, PERIODICAMENTE realizadas para monitorar ou avaliar a sua rede: Desempenho dos(as) professores(as).;"Regra de dependência: se Q167=""Sim"", abre Q168 a Q175.";B;Sim;;
TX_Q171;CHAR;1;AVALIAÇÃO EDUCACIONAL;Para cada uma das ações a seguir, indique se são, ou não, PERIODICAMENTE realizadas para monitorar ou avaliar a sua rede: Desempenho dos(as) diretores(as) das escolas.;"Regra de dependência: se Q167=""Sim"", abre Q168 a Q175.";A;Não;;
;CHAR;;AVALIAÇÃO EDUCACIONAL;Para cada uma das ações a seguir, indique se são, ou não, PERIODICAMENTE realizadas para monitorar ou avaliar a sua rede: Desempenho dos(as) diretores(as) das escolas.;"Regra de dependência: se Q167=""Sim"", abre Q168 a Q175.";B;Sim;;
TX_Q172;CHAR;1;AVALIAÇÃO EDUCACIONAL;Para cada uma das ações a seguir, indique se são, ou não, PERIODICAMENTE realizadas para monitorar ou avaliar a sua rede: Infraestrutura das escolas.;"Regra de dependência: se Q167=""Sim"", abre Q168 a Q175.";A;Não;;
;CHAR;;AVALIAÇÃO EDUCACIONAL;Para cada uma das ações a seguir, indique se são, ou não, PERIODICAMENTE realizadas para monitorar ou avaliar a sua rede: Infraestrutura das escolas.;"Regra de dependência: se Q167=""Sim"", abre Q168 a Q175.";B;Sim;;
TX_Q173;CHAR;1;AVALIAÇÃO EDUCACIONAL;Para cada uma das ações a seguir, indique se são, ou não, PERIODICAMENTE realizadas para monitorar ou avaliar a sua rede: Transporte escolar.;"Regra de dependência: se Q167=""Sim"", abre Q168 a Q175.";A;Não;;
;CHAR;;AVALIAÇÃO EDUCACIONAL;Para cada uma das ações a seguir, indique se são, ou não, PERIODICAMENTE realizadas para monitorar ou avaliar a sua rede: Transporte escolar.;"Regra de dependência: se Q167=""Sim"", abre Q168 a Q175.";B;Sim;;
TX_Q174;CHAR;1;AVALIAÇÃO EDUCACIONAL;Para cada uma das ações a seguir, indique se são, ou não, PERIODICAMENTE realizadas para monitorar ou avaliar a sua rede: Merenda escolar.;"Regra de dependência: se Q167=""Sim"", abre Q168 a Q175.";A;Não;;
;CHAR;;AVALIAÇÃO EDUCACIONAL;Para cada uma das ações a seguir, indique se são, ou não, PERIODICAMENTE realizadas para monitorar ou avaliar a sua rede: Merenda escolar.;"Regra de dependência: se Q167=""Sim"", abre Q168 a Q175.";B;Sim;;
TX_Q175;CHAR;1;AVALIAÇÃO EDUCACIONAL;Para cada uma das ações a seguir, indique se são, ou não, PERIODICAMENTE realizadas para monitorar ou avaliar a sua rede: Organização administrativa das escolas.;"Regra de dependência: se Q167=""Sim"", abre Q168 a Q175.";A;Não;;
;CHAR;;AVALIAÇÃO EDUCACIONAL;Para cada uma das ações a seguir, indique se são, ou não, PERIODICAMENTE realizadas para monitorar ou avaliar a sua rede: Organização administrativa das escolas.;"Regra de dependência: se Q167=""Sim"", abre Q168 a Q175.";B;Sim;;
TX_Q176;CHAR;3500;AVALIAÇÃO DO QUESTIONÁRIO;Sugestões de melhoria para o instrumento (inclusão de temas, estrutura do questionário etc.);;;RESPOSTA ABERTA;;
